Rk,Player,Type,FG,FGA,3P,3PA,FT,FTA,ORB,TRB,AST,STL,BLK,TOV,PF,PTS,FG%,3P%,FT%,RefName
2,Joel Embiid,Projected,10.1,20.3,1.4,3.9,9.9,12,2.4,12.3,4.1,1.2,1.5,3.4,2.9,31.6,0.5,0.368,0.824,embiijo01
1,Giannis Antetokounmpo,Projected,11.1,20.1,1.2,4.1,8.1,11.5,2.1,12.5,6.3,1.2,1.4,3.6,3.3,31.6,0.555,0.301,0.706,antetgi01
3,Luka Dončić,Projected,10.2,21.4,3.1,8.7,5.8,7.7,1,9.2,8.9,1.1,0.6,4.3,2.3,29.2,0.474,0.358,0.75,doncilu01
4,Trae Young,Projected,9.3,20.1,3,7.9,7.2,8,0.7,4.1,9.9,1,0.2,4.1,1.8,28.7,0.461,0.378,0.896,youngtr01
5,Stephen Curry,Projected,9.2,20.5,4.7,12.3,4.8,5.3,0.6,5.6,6.2,1.3,0.3,3.4,2.1,27.9,0.447,0.387,0.915,curryst01
6,Kevin Durant,Projected,9.8,19,2.1,5.4,6.2,6.9,0.5,7.1,5.9,0.8,1,3.4,2.1,27.9,0.514,0.391,0.898,duranke01
7,Nikola Jokić,Projected,10.6,18.5,1.4,4,5.1,6.2,2.9,13.2,8.3,1.5,0.8,3.7,2.8,27.7,0.572,0.35,0.827,jokicni01
8,Devin Booker,Projected,9.9,20.7,2.5,6.7,5.1,5.9,0.7,5,5.1,1,0.4,2.8,2.8,27.4,0.477,0.373,0.874,bookede01
10,Donovan Mitchell,Projected,9.6,21.4,3.5,9.6,4.5,5.3,0.9,4.7,5.5,1.4,0.2,3,2.5,27.2,0.45,0.367,0.852,mitchdo01
9,LeBron James,Projected,10.3,20.3,2.6,7.3,4.2,5.7,1,7.8,6.8,1.2,0.8,3.6,2.1,27.2,0.506,0.35,0.727,jamesle01
11,Jayson Tatum,Projected,9.4,20.2,3,8.1,5,5.8,1.1,7.9,4.3,1.1,0.6,2.7,2.2,26.7,0.462,0.373,0.856,tatumja01
12,Bradley Beal,Projected,9.6,20.7,2,6,5.3,6.2,1.1,4.8,5.6,1,0.4,3.2,2.4,26.6,0.465,0.329,0.857,bealbr01
13,Kyrie Irving,Projected,9.7,20.1,3,7.4,3.8,4.2,0.8,4.7,5.7,1.4,0.6,2.4,2.7,26.2,0.483,0.406,0.91,irvinky01
14,Ja Morant,Projected,9.6,19.6,1.5,4.5,5.4,7.1,1.3,5.6,7.7,1.2,0.4,3.5,1.7,26.2,0.489,0.342,0.761,moranja01
15,Karl-Anthony Towns,Projected,9.2,17.7,2.3,5.8,5.5,6.6,2.8,10.6,4.2,1,1.2,3.2,3.8,26.2,0.517,0.404,0.83,townska01
16,Damian Lillard,Projected,8.3,19.1,3.6,9.8,5.9,6.6,0.5,4.3,7.2,0.8,0.3,2.9,1.5,26,0.432,0.363,0.898,lillada01
17,Zach LaVine,Projected,9.1,18.7,3,7.6,4.7,5.6,0.5,5,4.7,0.8,0.4,2.9,2.1,25.9,0.484,0.398,0.846,lavinza01
18,DeMar DeRozan,Projected,9.3,18.6,0.6,1.7,6.5,7.5,0.7,5.1,5.5,0.9,0.3,2.3,2.4,25.6,0.498,0.328,0.871,derozde01
19,Jaylen Brown,Projected,9.2,19.2,2.7,7.3,3.7,4.9,1,6.5,3.6,1.2,0.4,2.8,2.8,24.9,0.481,0.374,0.76,brownja02
20,Shai Gilgeous-Alexander,Projected,8.6,18.1,1.7,5.2,5.7,7,0.7,5.4,5.8,1.2,0.8,2.7,2.4,24.6,0.473,0.336,0.813,gilgesh01
21,Paul George,Projected,8.6,19.7,3.2,8.3,4,4.7,0.7,7,5.4,1.7,0.5,3.7,2.6,24.4,0.438,0.379,0.858,georgpa01
22,Brandon Ingram,Projected,8.7,18.6,1.9,5.2,5,5.9,0.7,6,5.5,0.7,0.6,2.8,2.3,24.3,0.469,0.363,0.846,ingrabr01
23,De'Aaron Fox,Projected,9,18.7,1.5,4.7,4.8,6.4,0.6,4.1,6.3,1.3,0.5,2.9,3,24.2,0.48,0.313,0.741,foxde01
24,Kristaps Porziņģis,Projected,8.4,18.2,2.2,6.5,4.9,5.8,2.3,10,2.6,0.8,1.9,1.8,3.3,24,0.462,0.338,0.855,porzikr01
25,Anthony Davis,Projected,9.2,17.9,0.7,2.6,4.9,6.5,2.4,9.5,3.3,1.3,2.1,2.2,2.4,23.9,0.513,0.258,0.746,davisan02
26,Klay Thompson,Projected,8.8,20.6,4,10.4,1.9,2.1,0.7,5,3.4,0.7,0.7,1.7,2.2,23.5,0.428,0.379,0.872,thompkl01
27,Collin Sexton,Projected,8.6,17.9,1.6,4.6,4.5,5.6,1.1,3.7,3.9,1.1,0.2,2.8,2.6,23.3,0.478,0.356,0.813,sextoco01
28,James Harden,Projected,6.7,15.8,2.5,7.4,6.9,7.9,0.9,7.3,9.4,1.3,0.6,4.1,2.4,22.9,0.425,0.338,0.868,hardeja01
29,CJ McCollum,Projected,8.8,19.3,3.1,8,2.1,2.9,0.8,4.5,5,1.1,0.4,1.9,2.1,22.8,0.456,0.387,0.724,mccolcj01
30,Anthony Edwards,Projected,8.1,18.1,3,8.3,3.3,4.2,1,5.3,3.9,1.5,0.7,2.6,2.2,22.5,0.448,0.362,0.792,edwaran01
31,LaMelo Ball,Projected,7.9,17.8,3.1,7.7,3.2,3.8,1.6,7.6,8.3,1.8,0.5,3.4,3.4,22.1,0.446,0.395,0.848,ballla01
32,Jimmy Butler,Projected,7.2,15.1,0.6,2.3,7.1,8.3,1.9,6.6,6.2,1.8,0.5,2.3,1.7,22.1,0.477,0.247,0.86,butleji01
33,Jordan Clarkson,Projected,8.1,19.1,3.4,10.2,2.5,3,1.1,4.8,3.3,1.1,0.3,2.2,2.4,22,0.423,0.33,0.842,clarkjo01
34,Khris Middleton,Projected,7.8,17.1,2.6,6.7,3.9,4.4,0.8,6.2,5.8,1.2,0.3,3,2.7,22,0.455,0.384,0.889,middlkh01
35,Jordan Poole,Projected,7.4,16.4,3.3,8.9,3.8,4.2,0.6,4.1,4.6,1,0.4,2.6,3.1,21.8,0.449,0.366,0.908,poolejo01
36,Dillon Brooks,Projected,8.2,19.2,2.2,6.4,3.1,3.8,1.1,4.1,3.1,1.4,0.4,2.1,4.2,21.7,0.427,0.337,0.827,brookdi01
37,Jaren Jackson Jr.,Projected,7.4,17.1,2.3,6.9,4.6,5.6,2,7.6,1.7,1.2,2.8,2.1,4.5,21.7,0.433,0.336,0.822,jacksja02
38,Pascal Siakam,Projected,8.1,17,1.2,3.7,4,5.2,1.7,7.8,4.7,1.2,0.6,2.5,3.1,21.6,0.479,0.333,0.773,siakapa01
39,D'Angelo Russell,Projected,7.4,17.5,3.2,9,3.5,4.3,0.5,3.9,7.6,1.2,0.4,3,2.2,21.5,0.423,0.356,0.812,russeda01
41,Tyler Herro,Projected,7.9,17.4,2.8,7,2.9,3.3,0.6,5.8,4.3,0.8,0.2,2.6,1.6,21.4,0.454,0.397,0.856,herroty01
40,Jerami Grant,Projected,7.2,16.5,2.2,6,5,5.9,0.8,4.8,2.7,0.9,1.1,2,2.6,21.4,0.433,0.358,0.833,grantje01
42,Boban Marjanović,Projected,8.6,16.3,0.8,2.5,3.4,4.7,3.5,11.8,2,0.5,0.8,2.6,4.5,21.4,0.529,0.305,0.718,marjabo01
43,Christian Wood,Projected,7.8,15.4,2.1,5.6,3.6,5.6,2,11.3,2.5,0.9,1.2,2.2,2.8,21.4,0.509,0.386,0.642,woodch01
44,Julius Randle,Projected,7.5,17.5,1.8,5.3,4.4,5.7,1.6,9.9,5.2,0.8,0.5,3.3,3,21.2,0.43,0.339,0.771,randlju01
45,Markus Howard,Projected,7.2,17.3,3.8,10.2,2.9,3.5,0.8,4.4,2.7,1.3,0.3,2,3.3,21.1,0.415,0.37,0.833,howarma02
46,Jonas Valančiūnas,Projected,8.3,15,0.8,2.3,3.5,4.4,3.9,13.9,2.8,0.7,1,2.6,3.8,20.9,0.554,0.359,0.801,valanjo01
48,Nikola Vučević,Projected,8.6,18.4,1.9,5.5,1.7,2.1,2.1,11.8,3.7,1,0.9,2,2.5,20.8,0.471,0.344,0.786,vucevni01
47,Montrezl Harrell,Projected,8.1,13.1,0.2,0.6,4.4,6.2,3.3,9.3,2.7,0.8,1,1.7,3,20.8,0.619,0.259,0.708,harremo01
50,Caris LeVert,Projected,7.9,17.8,1.8,5.5,3.1,4.1,0.9,4.7,5.2,1.2,0.5,2.3,2.6,20.7,0.442,0.327,0.767,leverca01
49,Darius Garland,Projected,7.7,16.6,2.4,6.2,2.8,3.2,0.6,3.3,7.8,1.3,0.1,3.4,1.9,20.7,0.465,0.392,0.881,garlada01
51,Norman Powell,Projected,7,14.8,2.6,6.4,4.1,4.9,0.6,3.8,2.3,1.2,0.4,1.8,2.6,20.7,0.469,0.411,0.831,powelno01
52,Malcolm Brogdon,Projected,7.5,16.8,2.1,6,3.5,4.1,1.1,5.6,6.3,0.9,0.4,2.3,2.2,20.6,0.448,0.346,0.857,brogdma01
53,Terry Rozier,Projected,7.5,16.8,3.2,8.4,2.3,2.8,0.8,4.7,4.6,1.3,0.4,1.7,1.8,20.5,0.444,0.381,0.84,roziete01
55,Kevin Love,Projected,6.7,15.8,3.6,9.5,3.4,4,1.6,10.9,3.5,0.7,0.4,2.2,2.1,20.4,0.426,0.38,0.832,loveke01
54,Bojan Bogdanović,Projected,6.9,15.4,3,7.7,3.7,4.3,0.9,4.8,2.2,0.6,0.1,2.1,2,20.4,0.445,0.385,0.864,bogdabo02
59,Russell Westbrook,Projected,7.7,17.5,1.1,3.8,3.8,5.6,1.5,8.6,8.3,1.1,0.3,4.2,3.1,20.3,0.44,0.298,0.669,westbru01
58,Victor Oladipo,Projected,7.3,17.2,2.5,7.3,3.2,4.2,0.6,5.4,4.8,1.3,0.4,2.8,2.7,20.3,0.424,0.345,0.758,oladivi01
57,Desmond Bane,Projected,7.5,15.9,3.4,7.7,2,2.2,0.8,5.4,3.3,1.4,0.5,1.7,3,20.3,0.471,0.44,0.885,banede01
56,Bam Adebayo,Projected,7.7,13.7,0.1,0.4,4.8,6.2,2.6,10.6,4.6,1.4,1,2.8,2.9,20.3,0.563,0.279,0.765,adebaba01
61,Dejounte Murray,Projected,8.1,17.6,1.3,4,2.6,3.2,1.2,8.4,8.1,2,0.3,2.5,2.2,20.2,0.463,0.331,0.795,murrade01
60,John Collins,Projected,7.8,14.4,1.5,4,3.1,3.8,2.2,9.2,2,0.7,1.2,1.5,3.5,20.2,0.544,0.383,0.809,collijo01
62,RJ Barrett,Projected,7.1,16.6,2,5.3,3.9,5.3,1,6.2,3.2,0.7,0.3,2.1,2.3,20.1,0.43,0.367,0.726,barrerj01
63,Jonathan Kuminga,Projected,7.3,13.9,1.6,4.6,3.9,5.5,1.7,7.3,2.2,1,0.7,2.2,4.1,20,0.523,0.352,0.704,kuminjo01
65,Jalen Green,Projected,7,15.8,2.7,7.5,3.2,4,0.6,4.1,3.1,0.8,0.3,2.2,1.8,19.9,0.444,0.358,0.805,greenja05
64,DeMarcus Cousins,Projected,7,15.6,2,6.2,3.9,5.2,3.1,12.4,3.6,1.6,1,3.7,6,19.9,0.447,0.32,0.752,couside01
66,Domantas Sabonis,Projected,7.6,13.6,0.7,2.3,4,5.4,3,12.3,5.8,1.1,0.5,3.2,3.3,19.9,0.557,0.32,0.741,sabondo01
69,Andrew Wiggins,Projected,7.5,16,2.3,6,2.5,3.7,1.3,5.2,2.7,1.1,0.9,1.8,2.4,19.8,0.47,0.385,0.673,wiggian01
67,Michael Porter Jr.,Projected,7.6,14.9,2.7,6.7,1.9,2.4,1.7,8.4,1.8,0.9,0.9,1.6,2.5,19.8,0.51,0.404,0.778,portemi01
68,Naz Reid,Projected,7.4,14.6,1.7,4.9,3.3,4.4,2.7,8.8,2.2,1.1,2,2.1,4.8,19.8,0.505,0.355,0.748,reidna01
71,Kelly Oubre Jr.,Projected,7.2,16.1,2.8,8.3,2.5,3.6,1.5,6,1.6,1.3,0.7,1.4,3.2,19.7,0.444,0.342,0.695,oubreke01
70,LaMarcus Aldridge,Projected,8,15.6,0.9,2.7,2.8,3.3,2,7.9,2,0.6,1.5,1.6,2.7,19.7,0.511,0.346,0.85,aldrila01
74,Anfernee Simons,Projected,7,15.6,3.6,8.8,2.1,2.4,0.6,3.9,4.2,0.7,0.2,2.1,2.6,19.6,0.446,0.413,0.865,simonan01
73,Jrue Holiday,Projected,7.7,15.6,2.1,5.3,2.2,2.9,1.2,5,7,1.7,0.6,2.8,2.2,19.6,0.491,0.394,0.759,holidjr01
72,Deandre Ayton,Projected,8.6,13.8,0.2,0.6,2.3,3,3.4,12.3,1.9,0.8,1.1,1.9,3.1,19.6,0.624,0.337,0.762,aytonde01
75,Cade Cunningham,Projected,7.5,17.4,2,6.1,2.5,3,1.1,6.3,6.1,1.4,0.8,3.8,3.3,19.5,0.432,0.329,0.847,cunnica01
76,Isaiah Jackson,Projected,7.5,13.6,0.7,2,3.7,5.3,3.5,9.4,1.4,1.6,2.9,2.4,5.2,19.5,0.554,0.349,0.707,jacksis01
77,Derrick Rose,Projected,7.6,16.6,1.7,4.5,2.5,2.9,0.9,4.2,5.8,1.3,0.6,2.4,1.4,19.4,0.458,0.375,0.878,rosede01
78,Bones Hyland,Projected,6.4,15.3,3.5,9.3,3,3.5,0.5,5.5,5.2,1.2,0.6,2.3,4,19.3,0.42,0.376,0.853,hylanbo01
79,Moritz Wagner,Projected,6.7,13.6,2.1,6.3,3.7,4.5,1.6,8.3,3.1,1,0.6,2.1,4.7,19.3,0.495,0.338,0.811,wagnemo01
80,Jared Harper,Projected,7,14.7,2.3,6.1,2.9,3.5,1.5,5.6,5.2,1.5,0.7,2.1,3.1,19.2,0.478,0.373,0.819,harpeja01
84,Fred VanVleet,Projected,6.4,15.9,3.3,8.9,2.9,3.4,0.6,4.3,6.2,1.6,0.6,2.3,2.4,19.1,0.402,0.374,0.87,vanvlfr01
83,Jaylen Nowell,Projected,7.1,15.1,2.3,6.1,2.6,3.2,0.9,4.8,4.3,1,0.5,1.4,2.8,19.1,0.469,0.378,0.799,nowelja01
82,Mike Muscala,Projected,6.5,14.5,3.7,9.3,2.4,2.9,1.2,7.4,1.8,0.9,1.1,1.1,3.3,19.1,0.448,0.399,0.844,muscami01
81,Miles Bridges,Projected,7.1,14.3,2,5.7,2.9,3.6,1.3,7.2,3.5,0.9,0.9,1.9,2.5,19.1,0.495,0.354,0.815,bridgmi02
86,Kemba Walker,Projected,6.5,15.8,3,8.3,3,3.4,0.6,4.5,5.1,1.1,0.4,2.1,1.7,19,0.413,0.362,0.861,walkeke02
85,JaVale McGee,Projected,8,13.7,0.3,0.9,2.8,4,4.4,13.5,1.6,0.8,2.4,2.9,5.5,19,0.585,0.289,0.688,mcgeeja01
87,Tobias Harris,Projected,7.4,15.2,1.5,4,2.6,3.1,1.1,7.1,3.6,0.8,0.7,1.7,2.3,18.9,0.486,0.371,0.848,harrito02
88,Terence Davis,Projected,6.9,15.7,3.1,8.6,2,2.4,0.9,6.1,3,1.5,0.6,2.1,3.8,18.8,0.438,0.358,0.819,daviste02
89,Tim Hardaway Jr.,Projected,6.6,15.6,3.2,8.9,2.4,3.1,0.4,4.4,2.5,0.9,0.2,1.1,2.2,18.8,0.421,0.364,0.787,hardati02
90,Bobby Portis,Projected,7.5,15.4,2.2,5.5,1.6,2.1,3,11.3,1.8,1,0.8,1.6,3,18.8,0.488,0.404,0.753,portibo01
91,Immanuel Quickley,Projected,6,14.9,2.9,7.9,3.8,4.3,0.7,4.9,5,1.1,0.2,1.9,3.2,18.8,0.406,0.367,0.882,quickim01
92,Bogdan Bogdanović,Projected,6.8,15.4,3.4,8.8,1.7,2.1,0.6,4.8,3.9,1.3,0.3,1.5,2.7,18.7,0.441,0.383,0.832,bogdabo01
97,Isaiah Thomas,Projected,6.8,16.6,2.7,7.7,2.4,2.9,0.7,3.8,4.1,0.8,0.5,2.2,3.3,18.6,0.407,0.349,0.819,thomais02
93,Cole Anthony,Projected,6.4,15.6,2.2,6.3,3.6,4.3,0.7,6.3,6.2,0.9,0.4,2.9,2.9,18.6,0.408,0.349,0.852,anthoco01
95,Marcus Morris,Projected,6.7,15.2,2.6,6.5,2.6,3.1,0.8,5.6,2.2,0.7,0.4,1.6,2.8,18.6,0.441,0.398,0.846,morrima03
94,Keldon Johnson,Projected,6.9,14.4,2,5.2,2.7,3.6,1.4,7.2,2.4,0.9,0.3,1.4,2.3,18.6,0.48,0.396,0.761,johnske04
96,Jusuf Nurkić,Projected,7.2,13.7,0.5,1.6,3.8,5.6,3.6,13.4,3.9,1.4,1,3.1,4.2,18.6,0.525,0.308,0.685,nurkiju01
99,Reggie Jackson,Projected,6.9,17.3,2.6,7.4,2,2.4,0.6,4.3,5.2,0.9,0.2,2.4,2.6,18.5,0.402,0.347,0.835,jacksre01
100,Gary Trent Jr.,Projected,6.6,15.5,3.1,7.9,2.3,2.7,0.5,3.1,2,1.6,0.3,1,2.1,18.5,0.424,0.393,0.839,trentga02
98,Gordon Hayward,Projected,6.8,14.6,2,5,3,3.6,0.9,5.7,4.1,1.1,0.5,2,2,18.5,0.463,0.39,0.839,haywago01
101,Malik Beasley,Projected,6.5,15.8,4.1,10.6,1.3,1.5,0.6,4.5,2.3,0.9,0.2,1.1,1.8,18.4,0.412,0.385,0.823,beaslma01
102,Jalen Brunson,Projected,7.1,14,1.5,3.8,2.6,3.1,0.7,4.7,5.3,0.9,0.1,1.8,2.2,18.3,0.507,0.383,0.827,brunsja01
103,Tyrese Maxey,Projected,6.8,13.9,1.8,4.2,2.9,3.3,0.4,3.6,4.5,0.8,0.5,1.3,2.2,18.3,0.492,0.418,0.868,maxeyty01
107,Buddy Hield,Projected,6.4,15.7,3.9,10.3,1.6,1.8,0.8,5.1,3.5,1,0.4,2.2,2.7,18.2,0.408,0.374,0.857,hieldbu01
104,Carmelo Anthony,Projected,6.4,15.1,2.7,7.2,2.7,3.2,1.1,5.5,1.7,0.9,0.9,1.4,3.3,18.2,0.425,0.375,0.841,anthoca01
106,Luguentz Dort,Projected,6.2,15,2.7,7.8,3.2,3.9,0.9,4.7,2.1,1.1,0.4,1.8,3.2,18.2,0.411,0.344,0.817,dortlu01
109,Kevin Porter Jr.,Projected,6.5,15,2.7,7.2,2.5,3.7,0.9,5.1,6.8,1.3,0.4,3.4,2.9,18.2,0.432,0.374,0.682,porteke02
105,Marvin Bagley III,Projected,7.4,14.6,1,3.3,2.3,3.5,3.2,10.4,1.5,0.7,0.6,1.5,3,18.2,0.51,0.292,0.653,baglema01
111,Franz Wagner,Projected,6.9,14.3,1.5,4.1,2.9,3.3,1.3,5.5,3.5,1,0.5,1.7,2.4,18.2,0.481,0.367,0.864,wagnefr01
108,Malik Monk,Projected,6.7,14.3,2.9,7.4,1.8,2.3,0.7,4.5,3.7,1,0.5,2.1,2.3,18.2,0.471,0.393,0.805,monkma01
110,Day'Ron Sharpe,Projected,7.6,13.6,0.7,2,2.4,3.7,5.9,12.7,2.3,1,1.2,2.5,4.6,18.2,0.557,0.351,0.649,sharpda01
114,Evan Fournier,Projected,6.4,14.9,3.5,8.8,1.8,2.4,0.5,3.4,3,1.2,0.4,1.8,2.8,18.1,0.429,0.391,0.752,fournev01
113,Bryn Forbes,Projected,6.4,14.5,3.5,8.3,1.9,2.2,0.4,3,2,0.7,0.1,1.5,2.5,18.1,0.441,0.419,0.859,forbebr01
115,Trevelin Queen,Projected,6.5,14,2.7,7.2,2.4,2.9,2.1,7.1,3.2,1.6,0.6,2.4,2.9,18.1,0.465,0.37,0.825,queentr01
116,Jalen Smith,Projected,6.8,13.4,1.6,4.7,2.9,3.8,3.5,11.2,1.4,0.7,1.5,1.7,3.5,18.1,0.506,0.338,0.773,smithja04
112,Brandon Clarke,Projected,7.7,12.9,0.4,1.5,2.3,3.4,3.2,9.2,2.5,1.2,1.6,1.1,3,18.1,0.595,0.291,0.684,clarkbr01
118,Doug McDermott,Projected,6.9,14.1,2.9,7,1.5,1.8,0.9,4.2,2,0.4,0.2,1.3,2.5,18,0.486,0.407,0.797,mcderdo01
117,Willy Hernangómez,Projected,6.9,13.2,0.3,1.1,3.8,5.1,5.2,13.5,2.7,0.9,0.8,2,3.6,18,0.525,0.313,0.743,hernawi01
123,Lonnie Walker IV,Projected,6.7,15.8,2.4,7.1,2.2,2.8,0.5,4.2,3.1,0.9,0.4,1.6,2.3,17.9,0.422,0.337,0.792,walkelo01
124,Lou Williams,Projected,6.3,15.6,1.8,4.8,3.6,4.2,0.7,3.9,5.3,1.1,0.2,2.5,1.9,17.9,0.4,0.364,0.853,willilo02
121,Jabari Parker,Projected,6.9,13.9,1.6,4.6,2.5,3.1,1.9,8.1,2.8,1.2,0.7,2.3,3.5,17.9,0.495,0.353,0.814,parkeja01
120,Lauri Markkanen,Projected,6.3,13.7,2.7,7.4,2.6,3,1.2,6.9,1.6,0.9,0.6,1.2,2.4,17.9,0.458,0.373,0.853,markkla01
122,Obi Toppin,Projected,7,13.2,1.5,4.9,2.4,3.2,1.9,7.7,2.3,0.8,0.9,1.6,2.9,17.9,0.527,0.319,0.763,toppiob01
119,Mason Jones,Projected,5.8,12.8,2.1,5.7,4.2,5.8,1.1,6.5,4,1,0.4,2.3,3.1,17.9,0.454,0.364,0.711,jonesma05
130,Duane Washington Jr.,Projected,6.5,15.4,2.9,7.5,1.9,2.4,0.4,3.7,3.3,1,0.2,2.1,2.5,17.8,0.424,0.386,0.767,washidu02
129,Cam Thomas,Projected,6.8,15.1,1.5,5.3,2.7,3.3,0.6,5.3,2.6,1.1,0.3,1.7,2.1,17.8,0.45,0.292,0.83,thomaca02
128,Kyle Kuzma,Projected,6.7,14.9,2.2,6.3,2.2,3.1,1.4,8.5,3.3,0.7,0.9,2.5,2.2,17.8,0.451,0.348,0.716,kuzmaky01
127,Frank Jackson,Projected,6.2,14.6,2.7,7.9,2.7,3.4,0.7,3.5,2,0.8,0.3,1.4,2.7,17.8,0.426,0.338,0.819,jacksfr01
125,Hamidou Diallo,Projected,7,14.3,0.8,2.7,2.9,4.4,1.9,7.8,2.4,1.7,0.6,1.8,3.9,17.8,0.494,0.295,0.659,diallha01
126,Danilo Gallinari,Projected,5.8,13.5,2.6,6.8,3.6,4,0.7,6.4,2.3,0.7,0.3,1.1,2.3,17.8,0.43,0.384,0.899,gallida01
131,Markelle Fultz,Projected,7.2,15.5,0.8,2.6,2.5,3.1,0.8,5,7.5,1.7,0.4,3,2.5,17.7,0.467,0.294,0.792,fultzma01
133,Mike Conley,Projected,6.1,14.3,2.9,7.3,2.4,3,0.9,4,6.5,1.6,0.3,2.3,2.5,17.6,0.43,0.398,0.808,conlemi01
135,Malik Newman,Projected,6.5,13.6,1.8,5.2,2.9,3.6,1.5,6.6,3.7,1.1,0.7,2.2,2.8,17.6,0.475,0.343,0.808,newmama01
136,Eric Paschall,Projected,6.4,13,1.5,4.2,3.3,4.3,1.5,5.9,2.4,0.6,0.3,1.7,2.8,17.6,0.492,0.357,0.758,pascher01
132,Thomas Bryant,Projected,6.8,12.5,1.2,3.5,2.7,3.4,2.3,8.8,2.4,0.7,1.4,1.6,3.4,17.6,0.546,0.346,0.802,bryanth01
134,Nathan Knight,Projected,5.8,12.5,1,3.4,4.9,6.5,3.3,9.6,2.7,1.1,1,2.2,4.1,17.6,0.467,0.296,0.762,knighna01
137,Nickeil Alexander-Walker,Projected,6.4,16.3,2.6,7.9,2,2.6,0.9,5,3.9,1.3,0.6,2.3,2.7,17.5,0.396,0.33,0.747,alexani01
142,Brandon Williams,Projected,6.1,15.2,1.8,5.8,3.6,5,1.2,4.8,5.1,1.3,0.6,3,2.9,17.5,0.398,0.313,0.719,willibr03
138,Saddiq Bey,Projected,5.9,14.5,2.9,8.1,2.7,3.3,1.3,6.1,2.9,1,0.3,1.2,1.8,17.5,0.41,0.365,0.834,beysa01
141,Dennis Schröder,Projected,6.3,14.4,1.6,4.7,3.3,3.9,0.6,4.2,5.8,1.1,0.2,2.8,3,17.5,0.438,0.346,0.846,schrode01
140,Spencer Dinwiddie,Projected,5.8,14,2,6.1,3.8,4.9,0.8,5.1,6.3,0.8,0.3,2.1,2.8,17.5,0.418,0.334,0.776,dinwisp01
139,Wendell Carter Jr.,Projected,6.7,12.7,1.1,3.3,3,4.2,3,12.2,3.1,0.8,0.9,2.1,3.4,17.5,0.527,0.334,0.717,cartewe01
143,Ben McLemore,Projected,5.8,14.5,3.9,10.9,1.8,2.3,0.5,3.5,1.7,1,0.3,1.6,3.1,17.4,0.402,0.362,0.791,mclembe01
145,Coby White,Projected,6.3,14.4,2.9,7.5,2,2.3,0.5,4.5,4.4,0.7,0.3,1.9,2.9,17.4,0.436,0.384,0.866,whiteco01
144,Cameron Oliver,Projected,6.8,13.1,1.7,4.8,2,2.9,1.6,6.8,3.2,1,0.9,1.6,3.4,17.4,0.521,0.351,0.711,oliveca01
148,Cameron Payne,Projected,6.6,15.3,2.1,5.8,2,2.4,0.7,5.1,7.4,1.2,0.5,2.6,3.3,17.3,0.431,0.367,0.846,payneca01
146,Luka Garza,Projected,6.2,13.4,1.6,4.7,3.3,5,4.3,8.6,2.4,0.9,0.6,1.8,4.4,17.3,0.461,0.343,0.661,garzalu01
147,Eric Gordon,Projected,6,13.3,2.7,7.2,2.6,3.4,0.4,2.7,3.2,0.7,0.4,2.3,1.7,17.3,0.45,0.375,0.784,gordoer01
151,Rui Hachimura,Projected,6.7,13.7,1.5,3.7,2.3,3,1.1,6.4,2,0.9,0.3,1.3,2.3,17.2,0.489,0.4,0.758,hachiru01
150,Chris Boucher,Projected,6.1,12.8,1.7,5.2,3.3,4.3,3.5,10.2,1,1,1.9,1.1,3.8,17.2,0.477,0.326,0.779,bouchch01
152,Alperen Şengün,Projected,6.2,12.7,0.8,3,4,5.4,3.3,9.5,4.5,1.4,1.6,3.3,4.8,17.2,0.489,0.278,0.728,sengual01
149,Jarrett Allen,Projected,6.8,10.4,0.1,0.5,3.5,4.9,3.8,12.1,2.1,0.8,1.6,1.8,2,17.2,0.652,0.29,0.708,allenja01
154,James Bouknight,Projected,6,15.4,2,5.6,3,3.6,2.3,6.5,3.4,1,0.3,1.8,3.2,17.1,0.393,0.36,0.846,bouknja01
153,Paris Bass,Projected,6.3,13.8,1.8,5.4,2.9,3.6,1.9,7.2,3.5,1.3,0.7,2.4,3.2,17.1,0.452,0.329,0.802,basspa01
156,Hassan Whiteside,Projected,7,11.5,0.2,0.5,3,4.9,4.5,14.4,1.2,0.7,3,1.9,4.9,17.1,0.606,0.353,0.621,whiteha01
155,Jaxson Hayes,Projected,6.5,10.4,0.5,1.4,3.7,4.8,3,8.6,1.4,0.9,1.4,1.5,3.9,17.1,0.618,0.369,0.764,hayesja02
164,Terrence Ross,Projected,5.9,14.7,2.2,7,2.9,3.4,0.5,4.2,2.8,1,0.4,1.9,2,17,0.403,0.314,0.856,rosste01
162,De'Anthony Melton,Projected,6.1,14.4,2.8,7.4,2,2.6,1.3,6.9,4.4,2.2,0.9,2.4,2.8,17,0.422,0.384,0.767,meltode01
158,Chris Duarte,Projected,6.3,14.3,2.2,5.9,2.2,2.7,1,5.5,2.8,1.3,0.3,2.1,2.3,17,0.44,0.373,0.804,duartch01
165,Marko Simonovic,Projected,5.8,13.5,1.7,5.2,3.6,4.7,2.2,7.4,3.1,1.1,0.8,2,3.4,17,0.432,0.336,0.762,simonma01
157,Ahmad Caver,Projected,6.3,13.3,1.9,5.2,2.5,3.3,1.5,6.6,3.7,1.1,0.7,2,2.9,17,0.474,0.357,0.778,caverah01
163,Chris Paul,Projected,6.4,13.2,1.3,3.9,2.9,3.3,0.4,4.9,10.4,1.8,0.3,2.6,2.5,17,0.484,0.342,0.864,paulch01
161,Trey Lyles,Projected,5.8,12.5,1.6,4.8,3.8,4.8,1.9,8.8,2.1,0.7,0.7,1.6,2.7,17,0.467,0.334,0.794,lylestr01
159,Daniel Gafford,Projected,7,10.4,0.2,0.4,2.8,4,3.8,9.9,1.8,0.9,2.6,1.7,4.2,17,0.676,0.353,0.697,gaffoda01
160,Rudy Gobert,Projected,6.2,9.1,0.1,0.3,4.5,6.8,3.9,15.5,1.4,0.7,2.5,2,2.9,17,0.682,0.288,0.667,goberru01
168,Tre Mann,Projected,6.2,15.1,2.6,6.9,1.9,2.3,0.8,4.9,2.6,1.3,0.4,1.8,2.6,16.9,0.413,0.372,0.799,manntr01
167,Josh Jackson,Projected,6.1,14.5,1.7,5.7,3,4.1,1.2,6.1,2.9,1.2,1,2.6,3.8,16.9,0.421,0.29,0.731,jacksjo02
169,Jaden Springer,Projected,6.2,12.9,1.8,5,2.5,3.2,1.7,7,3.7,1.1,1.1,2.1,2.7,16.9,0.486,0.368,0.785,sprinja01
166,Harrison Barnes,Projected,5.4,11.5,1.9,4.8,4.1,5,1.1,6.1,2.8,0.7,0.2,1.6,1.4,16.9,0.472,0.389,0.822,barneha02
177,Lance Stephenson,Projected,6.4,14.1,1.3,4.2,2.7,3.5,0.7,5.7,6.6,1.1,0.3,3,4.1,16.8,0.452,0.308,0.783,stephla01
175,Matt Ryan,Projected,6.2,13.8,2,6.1,2.5,3.2,1.5,6.5,3.6,1.3,0.7,2,2.8,16.8,0.447,0.333,0.779,ryanma01
176,Tre Scott,Projected,6.3,13.5,1.8,5.1,2.4,3.1,1.7,6.7,3.5,1.3,0.9,1.9,3.1,16.8,0.469,0.343,0.777,scotttr01
170,OG Anunoby,Projected,6.3,13.5,2.3,6.2,1.9,2.5,1.5,5.8,2.6,1.5,0.6,1.7,2.8,16.8,0.464,0.379,0.764,anunoog01
172,David Johnson,Projected,6.2,13.2,1.9,5.3,2.6,3.3,1.6,6.7,3.7,1.2,0.7,2,2.8,16.8,0.468,0.352,0.784,johnsda08
173,Frank Kaminsky,Projected,6.4,13.2,1.5,4.4,2.5,3.5,1.8,8.4,3.5,1,0.9,1.4,3.2,16.8,0.481,0.351,0.728,kaminfr01
174,Kelly Olynyk,Projected,5.9,12.8,2.1,6.2,2.8,3.5,1.9,8.4,4.2,1.4,0.8,2.4,4.2,16.8,0.463,0.346,0.802,olynyke01
171,Aaron Gordon,Projected,6.4,12.8,1.4,4.1,2.6,3.6,1.9,7,3.3,0.8,0.7,2.1,2.3,16.8,0.5,0.335,0.72,gordoaa01
180,Trey Burke,Projected,6.3,15.3,2.2,6.3,1.9,2.2,0.6,3.1,4,1.2,0.2,1.7,2.8,16.7,0.415,0.342,0.853,burketr01
179,Brandon Boston Jr.,Projected,6.1,14.9,1.7,5.2,2.8,3.4,1,5.7,2.7,1.2,0.6,1.5,2.1,16.7,0.41,0.327,0.82,bostobr01
181,Rudy Gay,Projected,6,14.5,2.4,6.8,2.2,2.8,1.6,8.1,2.3,1,0.8,1.8,3.2,16.7,0.416,0.35,0.798,gayru01
183,Louis King,Projected,6,14.2,2.2,6.5,2.5,3.2,1.1,6.1,3.6,1.3,0.7,1.3,3.7,16.7,0.422,0.339,0.765,kinglo02
185,Jahmi'us Ramsey,Projected,6.4,14.2,1.7,5.3,2.3,3.3,1.3,5.2,2.9,0.9,0.5,1.6,2.8,16.7,0.446,0.324,0.684,ramseja01
184,Reggie Perry,Projected,6.8,14,1.1,3.9,2.1,2.9,2.9,9.2,2.9,1.4,1,2.1,5.1,16.7,0.483,0.279,0.712,perryre01
182,Nate Hinton,Projected,6.1,13.9,1.8,5.6,2.6,3.4,1.2,6,3.6,1.5,0.7,2.1,2.8,16.7,0.443,0.331,0.765,hintona01
186,Derrick White,Projected,5.7,13.4,2,6.2,3.3,3.9,0.7,4.3,5.5,1,1,1.9,2.9,16.7,0.424,0.325,0.857,whitede01
178,Goga Bitadze,Projected,6.2,12.5,1.3,4.3,3,4.2,3.5,8.8,2.8,1,2.4,1.9,5,16.7,0.498,0.293,0.713,bitadgo01
187,Jared Butler,Projected,6.2,14.4,2.6,7.6,1.6,2.1,0.8,5.3,5.6,1.6,0.8,2.8,4,16.6,0.432,0.336,0.739,butleja02
194,Cam Reddish,Projected,5.6,13.7,2.1,6.2,3.3,3.8,1,4.5,2,1.6,0.6,1.9,2.5,16.6,0.409,0.345,0.867,reddica01
192,Emmanuel Mudiay,Projected,6.1,13.3,1.5,4.3,2.9,3.8,1.1,5.9,4.6,1.2,0.6,2.6,3,16.6,0.457,0.357,0.767,mudiaem01
191,Brook Lopez,Projected,6.2,13.1,1.9,5.7,2.3,2.8,1.8,6.4,1.3,0.8,2,1.4,3.2,16.6,0.473,0.334,0.837,lopezbr01
189,DeJon Jarreau,Projected,6.1,13.1,1.9,5.2,2.5,3.3,1.6,6.7,3.7,1.1,0.7,2,2.9,16.6,0.467,0.359,0.779,jarrede01
193,Ade Murkey,Projected,6.1,13.1,1.9,5.2,2.5,3.3,1.6,6.7,3.7,1.1,0.7,2,2.9,16.6,0.467,0.359,0.779,murkead01
195,Max Strus,Projected,5.8,12.9,3.9,9.7,1.1,1.4,0.6,4.6,2.2,0.7,0.4,1.3,2.7,16.6,0.449,0.401,0.776,strusma01
190,Jalen Johnson,Projected,6.5,12.8,1.5,4.6,2.2,2.8,1.2,7.3,2.6,1.1,0.7,2.3,2.8,16.6,0.505,0.323,0.766,johnsja05
188,Isaiah Hartenstein,Projected,6.7,11.1,0.5,1.2,2.8,4,3.5,10,4.4,1.4,2.2,2.5,5,16.6,0.603,0.416,0.695,harteis01
197,Marquese Chriss,Projected,6.4,13.2,0.9,2.9,2.8,3.8,3,10.1,2.7,1.2,1.3,2,4.9,16.5,0.485,0.322,0.724,chrisma01
201,Nik Stauskas,Projected,5.8,13.1,2.2,6,2.7,3.7,1.4,5.9,3.3,0.9,0.6,1.8,2.6,16.5,0.441,0.366,0.743,stausni01
200,Tyler Hall,Projected,6.1,13,1.9,5.2,2.5,3.2,1.5,6.6,3.7,1.1,0.7,2,2.9,16.5,0.467,0.359,0.779,hallty01
202,Moses Wright,Projected,5.9,12.9,1.7,5,3,3.6,1.6,6.8,3.9,1.1,0.9,1.9,2.7,16.5,0.456,0.347,0.816,wrighmo01
198,Javin DeLaurier,Projected,6,12.9,1.9,5.1,2.5,3.2,1.5,6.8,3.7,1.4,0.7,2,3,16.5,0.469,0.361,0.78,delauja01
199,Andre Drummond,Projected,6.9,12.9,0.1,0.5,2.7,4.7,5.1,16,3.1,1.9,1.6,3.1,4.5,16.5,0.533,0.253,0.566,drumman01
196,Vernon Carey Jr.,Projected,6.1,12.3,1.3,3.7,3.1,4.5,2.5,7.7,2.5,1.1,0.9,2,3.1,16.5,0.495,0.345,0.674,careyve01
209,Shake Milton,Projected,6.1,13.7,1.6,4.6,2.5,3.1,0.9,4.3,4.4,0.9,0.5,1.8,3.1,16.4,0.447,0.348,0.827,miltosh01
203,Josh Christopher,Projected,6.2,13.4,1.6,5.1,2.3,3.1,1.5,5.3,4.1,1.7,0.4,2.9,2.6,16.4,0.463,0.314,0.75,chrisjo01
213,Micah Potter,Projected,6.1,13.1,1.6,4.8,2.5,3.1,2.1,7.3,3.2,1.2,0.8,1.9,3.1,16.4,0.468,0.333,0.806,pottemi01
211,Matt Mooney,Projected,6,13.1,1.8,5.2,2.6,3.3,1.5,6.6,3.6,1.4,0.7,2.2,2.9,16.4,0.457,0.343,0.778,moonema01
204,Sam Dekker,Projected,6,13.1,1.8,5.2,2.5,3.2,1.5,6.6,3.7,1.1,0.7,2,2.9,16.4,0.461,0.353,0.774,dekkesa01
207,De'Andre Hunter,Projected,5.9,13,1.7,4.7,2.9,3.7,0.7,4.7,1.9,0.9,0.5,1.6,3.4,16.4,0.451,0.372,0.786,huntede01
205,Jaime Echenique,Projected,6,12.9,1.8,5.1,2.5,3.2,1.5,6.6,3.7,1.1,0.7,2,2.8,16.4,0.467,0.359,0.778,echenja01
212,Eugene Omoruyi,Projected,5.9,12.8,1.9,5.1,2.7,3.7,1.8,7.4,3.8,1,0.6,1.8,3,16.4,0.463,0.37,0.722,omorueu01
210,Evan Mobley,Projected,6.7,12.8,0.5,1.7,2.6,3.9,2.2,8.9,2.8,0.9,1.8,2,2.3,16.4,0.519,0.283,0.681,mobleev01
208,Scottie Lewis,Projected,6,12.6,1.8,5,2.7,3.6,1.5,6.5,3.8,1.3,0.7,1.9,2.7,16.4,0.473,0.364,0.751,lewissc01
214,Terry Taylor,Projected,6.8,11.5,0.9,2.5,2,2.7,4.3,8.5,2.4,0.8,0.5,1.3,3,16.4,0.59,0.339,0.729,taylote01
206,Richaun Holmes,Projected,6.9,10.9,0.2,0.5,2.5,3.2,3,10.1,1.9,0.7,1.6,1.7,4.3,16.4,0.632,0.338,0.785,holmeri01
217,Serge Ibaka,Projected,6.6,13.3,1.5,4.3,1.6,2.2,2.5,9.9,2.3,0.5,1.4,1.9,3.7,16.3,0.496,0.36,0.751,ibakase01
219,Joe Johnson,Projected,6,13.2,1.8,5.2,2.4,3.2,1.5,6.4,3.5,1.1,0.7,2.1,3,16.3,0.457,0.342,0.765,johnsjo02
220,Jock Landale,Projected,6.2,12.6,1.8,5.4,2.2,2.7,3.4,8.1,3,0.7,0.8,1.9,3.2,16.3,0.489,0.333,0.816,landajo01
218,Cameron Johnson,Projected,5.6,12.4,3.2,8,1.8,2.2,0.9,5.6,2.2,1.1,0.4,1,2.3,16.3,0.452,0.403,0.848,johnsca02
216,Cheick Diallo,Projected,6.1,12,1.1,3.1,3,3.7,2.1,8.5,2.7,1.1,0.7,2.1,3.8,16.3,0.505,0.361,0.811,diallch01
215,Moses Brown,Projected,6.2,11.2,0.3,0.9,3.5,5.6,4.6,13.5,0.9,1,1.6,1.9,4.1,16.3,0.555,0.371,0.631,brownmo01
224,Devonte' Graham,Projected,5.2,14,3.3,9.4,2.3,2.8,0.6,3.3,5.7,1.1,0.2,1.9,1.7,16.2,0.375,0.355,0.836,grahade01
226,Cedi Osman,Projected,5.7,13.7,2.8,8,2,2.8,0.8,4.2,3.5,1.2,0.3,1.7,3,16.2,0.419,0.347,0.705,osmande01
223,Jordan Goodwin,Projected,5.9,13.3,1.8,5.2,2.5,3.2,1.5,6.7,3.6,1.1,0.7,2,3,16.2,0.447,0.347,0.78,goodwjo01
222,Rob Edwards,Projected,5.9,13.1,2,5.7,2.4,3.1,1.5,6.9,3.5,1.1,0.7,2.1,2.7,16.2,0.452,0.343,0.777,edwarro01
225,Arnoldas Kulboka,Projected,6,13,1.8,5.3,2.5,3.2,1.5,6.5,3.6,1.1,0.7,2,3,16.2,0.46,0.345,0.779,kulboar01
227,Gabe York,Projected,5.8,13,1.8,5.8,2.8,3.9,1.4,6.3,4,1.4,0.8,2,3.4,16.2,0.442,0.316,0.73,yorkga01
221,Bol Bol,Projected,6.2,12.8,1.6,4.3,2.2,3.1,1.3,7.1,2.8,0.9,1.2,2.2,2.7,16.2,0.487,0.366,0.694,bolbo01
236,Jalen Suggs,Projected,5.7,14.8,1.3,5.3,3.5,4.4,0.8,5.1,5.7,1.6,0.6,3.6,3.7,16.1,0.384,0.24,0.783,suggsja01
234,Jeremy Lamb,Projected,5.4,13.3,2.1,6,3.2,3.7,1,6,3,1.3,0.9,1.4,2.7,16.1,0.409,0.344,0.856,lambje01
233,Brandon Knight,Projected,5.6,13.3,2.3,7.3,2.7,3.4,0.9,5.3,4.2,0.9,0.4,2.4,3,16.1,0.418,0.316,0.797,knighbr03
229,Shaq Buchanan,Projected,6,13.2,1.8,5.3,2.4,3.1,1.7,6.7,3.9,1.3,0.7,2.3,2.9,16.1,0.452,0.33,0.777,buchash01
237,D.J. Wilson,Projected,6,13.2,1.9,5.9,2.2,3,1.4,8.6,2.8,1.2,1,1.9,3.4,16.1,0.454,0.33,0.743,wilsodj01
232,Feron Hunt,Projected,5.9,12.9,1.8,5,2.5,3.1,1.7,6.7,3.8,1.3,0.7,2.1,2.9,16.1,0.456,0.363,0.781,huntfe01
228,Scottie Barnes,Projected,6.5,12.8,0.9,2.8,2.3,3,2.7,7.8,3.6,1.1,0.8,1.8,2.6,16.1,0.505,0.319,0.748,barnesc01
230,Seth Curry,Projected,6,12.5,2.7,6.3,1.5,1.7,0.4,3.4,3.6,0.9,0.2,1.7,2.4,16.1,0.478,0.425,0.863,curryse01
235,Mac McClung,Projected,5.9,12.5,1.8,5.1,2.4,3.1,1.4,6.4,3.4,1.2,0.8,2.3,3.4,16.1,0.473,0.359,0.794,mccluma01
231,Tyrese Haliburton,Projected,6,12.3,2.3,5.4,1.9,2.3,0.9,4.2,7.9,1.8,0.7,2.4,1.7,16.1,0.484,0.422,0.847,halibty01
241,Goran Dragić,Projected,5.7,13.7,2,6,2.7,3.3,0.8,4.6,5.8,1,0.3,2.9,3.1,16,0.416,0.335,0.801,dragigo01
243,Jay Scrubb,Projected,5.9,13.6,1.7,5.4,2.4,3.1,1.1,6,2.9,1.3,0.7,2.1,2.7,16,0.437,0.325,0.776,scrubja01
244,M.J. Walker,Projected,5.9,13.3,1.8,5.4,2.4,3.1,1.5,6.6,3.8,1.5,0.7,1.9,3,16,0.441,0.334,0.78,walkemj01
239,Petr Cornelie,Projected,5.8,13.3,1.7,5.7,2.6,3.4,2.5,7.9,3.5,1.1,0.8,2.4,3.6,16,0.438,0.298,0.771,cornepe01
240,Jarron Cumberland,Projected,5.9,12.7,1.7,5.1,2.4,3.1,1.7,6.9,3.7,1.1,0.7,1.9,3.1,16,0.468,0.345,0.778,cumbeja01
242,Jemerrio Jones,Projected,6,12.6,1.7,4.8,2.3,3,1.8,6.7,3.4,1.2,0.6,1.9,3.1,16,0.473,0.356,0.776,jonesje01
245,Cassius Winston,Projected,5.6,12.5,2.1,5.4,2.6,3.2,1,5.2,4.3,0.9,0.5,2.1,3.7,16,0.452,0.388,0.829,winstca01
246,McKinley Wright IV,Projected,5.9,12.4,1.9,5.1,2.3,3,1.4,6,3.9,1,0.6,2,2.8,16,0.479,0.372,0.78,wrighmc01
238,Charles Bassey,Projected,6.4,11.6,0.9,3,2.3,3,3.2,10.2,2.6,1.1,2.2,1.8,4.8,16,0.55,0.314,0.772,bassech01
252,Jordan Nwora,Projected,6,14.2,2.5,6.8,1.4,1.7,1.2,6.9,2,0.9,0.6,1.9,2.4,15.9,0.423,0.367,0.814,nworajo01
247,Will Barton,Projected,6,13.7,2.3,6.3,1.8,2.2,0.8,5.4,4.1,0.9,0.5,2,2,15.9,0.433,0.366,0.791,bartowi01
256,Lindy Waters III,Projected,5.7,13.4,3.6,9.7,0.9,1.2,0.8,6,2.4,1.4,0.6,1.2,2.5,15.9,0.426,0.367,0.784,waterli01
249,Dakota Mathias,Projected,5.9,13.4,2.2,6.3,1.9,2.7,1.1,5.3,3.6,1,0.7,1.5,2.6,15.9,0.44,0.345,0.706,mathida01
251,Xavier Moon,Projected,6.3,13.3,1.6,4.5,1.7,2.4,1.1,5.3,4.9,1.5,0.7,1.8,2.7,15.9,0.474,0.354,0.731,moonxa01
250,C.J. Miles,Projected,5.7,13.1,1.9,5.4,2.7,3.5,1.4,6,3.4,1.3,0.7,2,3.3,15.9,0.434,0.343,0.764,milescj01
255,Jon Teske,Projected,5.9,12.7,1.8,5,2.4,3.5,1.5,6.8,3.8,1.3,0.7,1.9,3,15.9,0.46,0.359,0.689,teskejo01
254,Craig Sword,Projected,6,12.6,1.7,4.9,2.3,2.9,1.4,5.9,3.5,1.8,0.6,2,4,15.9,0.478,0.339,0.775,swordcr01
248,Sam Hauser,Projected,5.7,12.3,3.1,7.6,1.3,1.7,1.4,6.7,3,0.7,0.6,1.3,2.3,15.9,0.466,0.41,0.778,hausesa01
253,Isaiah Roby,Projected,6,11.8,1.4,3.5,2.7,3.8,2.5,8.4,2.8,1.3,1.1,2.1,3.9,15.9,0.506,0.394,0.709,robyis01
260,B.J. Johnson,Projected,6,13.4,1.9,5.2,2,2.5,2,7.1,2.6,0.8,0.6,1.5,2.7,15.8,0.447,0.368,0.788,johnsbj01
263,Jaysean Paige,Projected,5.8,13.2,1.8,5.5,2.4,3.1,1.5,6.6,3.7,1.1,0.7,2.2,3.2,15.8,0.439,0.327,0.774,paigeja01
257,Zylan Cheatham,Projected,5.8,13.1,1.7,5.2,2.4,3.1,1.5,6.5,3.5,1.1,0.7,2.1,3.1,15.8,0.446,0.329,0.774,cheatzy01
265,Tyrell Terry,Projected,6,12.7,1.6,5,2.3,3.1,1.3,6.3,3.8,1.4,0.6,1.9,2.7,15.8,0.468,0.329,0.746,terryty01
264,Wayne Selden,Projected,5.6,12.6,1.9,5.1,2.7,3.7,1.4,6.1,3.5,1,0.6,1.8,2.8,15.8,0.448,0.364,0.717,seldewa01
262,Luke Kennard,Projected,5.6,12.1,3.3,7.4,1.3,1.5,0.5,4.5,3,0.8,0.2,1.3,2.1,15.8,0.459,0.446,0.875,kennalu01
259,Joe Harris,Projected,5.8,12,3.3,7.2,0.9,1.2,0.8,4.6,2.1,0.7,0.3,1.3,2.5,15.8,0.485,0.455,0.769,harrijo01
261,Kai Jones,Projected,5.9,11.7,1.5,4.1,2.4,3.6,1.6,6.7,3.4,1,0.8,2.4,3.3,15.8,0.507,0.376,0.647,joneska01
266,Cody Zeller,Projected,6.1,11.3,0.4,1.6,3.2,4.4,4.1,11.2,2.8,1,0.6,1.9,4.4,15.8,0.537,0.249,0.731,zelleco01
258,Drew Eubanks,Projected,6.2,10.7,0.3,0.9,3,4,3.5,10.9,2.5,0.9,1.4,2.3,3.6,15.8,0.582,0.313,0.759,eubandr01
270,Ty Jerome,Projected,5.7,14,2.6,7.7,1.7,2.1,0.8,4.2,5,1.2,0.3,1.8,3.1,15.7,0.409,0.338,0.794,jeromty01
273,Devin Vassell,Projected,5.8,13.3,2.4,6.5,1.6,1.9,0.9,5.9,2.5,1.4,0.7,1,2.7,15.7,0.437,0.369,0.839,vassede01
269,Aaron Henry,Projected,5.8,12.9,1.7,4.9,2.3,3,1.4,6.3,3.4,1.1,1.1,2.2,3,15.7,0.451,0.349,0.781,henryaa01
272,JaQuori McLaughlin,Projected,5.8,12.7,1.8,5.1,2.4,3.1,1.5,6.3,3.9,1.1,0.7,1.9,2.9,15.7,0.452,0.345,0.779,mclauja01
275,Omer Yurtseven,Projected,6.6,12.7,0.4,1.4,2.1,3.2,3.9,13.6,2.8,0.9,1,2,4,15.7,0.521,0.279,0.661,yurtsom01
267,Mo Bamba,Projected,6.1,12.6,2.1,5.5,1.4,1.9,3.1,11.5,1.9,0.8,2.4,1.6,3.7,15.7,0.484,0.376,0.755,bambamo01
268,Alec Burks,Projected,5,12.4,2.5,6.2,3.3,4,0.8,6.2,3.6,1.2,0.4,1.5,3.2,15.7,0.401,0.4,0.831,burksal01
271,Robin Lopez,Projected,6.5,11.6,0.4,1.3,2.2,3.3,3.4,7,2.3,0.4,1.1,2.3,3.4,15.7,0.563,0.33,0.663,lopezro01
274,Trendon Watford,Projected,6.1,11.4,0.6,2.1,2.9,3.8,2.3,8.2,3.5,1.1,1.1,1.8,4.4,15.7,0.531,0.292,0.767,watfotr01
281,Braxton Key,Projected,6.1,13.1,1.5,4.5,1.9,2.8,2,8.1,2.8,1.5,1.4,2,3.9,15.6,0.466,0.327,0.67,keybr01
287,Thaddeus Young,Projected,6.8,13.1,0.8,2.3,1.3,2.3,3.2,8.5,4.8,1.9,0.8,2.5,3.3,15.6,0.516,0.336,0.576,youngth01
284,Payton Pritchard,Projected,5.7,12.8,3.2,7.8,1.1,1.2,1.1,4.9,4.4,1,0.3,1.5,2.5,15.6,0.442,0.414,0.902,pritcpa01
283,Chimezie Metu,Projected,6,12.8,1.5,4.8,2.1,2.8,1.2,9.1,2,1.4,1,1.8,2.9,15.6,0.469,0.32,0.774,metuch01
282,Sam Merrill,Projected,5.6,12.8,2.8,7.4,1.7,2.2,1.2,5.6,3.4,1,0.4,1.7,2.6,15.6,0.436,0.375,0.748,merrisa01
285,Paul Reed,Projected,6.8,12.7,0.7,2.3,1.3,2.1,4.4,10.1,2.6,2.9,1.6,1.6,5.4,15.6,0.537,0.311,0.606,reedpa01
276,Dāvis Bertāns,Projected,4.9,12.4,3.7,10,2.1,2.4,0.6,5,1.6,0.8,0.5,1,3.5,15.6,0.394,0.37,0.864,bertada01
280,Georgios Kalaitzakis,Projected,5.7,12.1,1.8,4.7,2.5,4.3,1.3,5,2.8,1.6,0.5,2.7,3,15.6,0.47,0.377,0.578,kalaige01
286,Lindell Wigginton,Projected,5.4,12,1.8,4.9,3.1,5,1,5.6,4,1,0.4,2.1,3,15.6,0.452,0.357,0.62,wiggili01
277,Clint Capela,Projected,6.9,11.5,0.1,0.3,1.8,3.4,4.9,15.5,1.5,0.9,1.8,1.1,2.9,15.6,0.599,0.347,0.527,capelca01
278,Zach Collins,Projected,5.6,11.4,1.2,3.4,3.3,4.1,2.9,9.9,4.1,1,1.4,2.8,4.3,15.6,0.488,0.353,0.798,colliza01
279,Gorgui Dieng,Projected,5.4,11.4,2.2,5.5,2.6,3.3,2.7,10,3.1,1.4,1.2,2,4.2,15.6,0.475,0.399,0.792,dienggo01
293,Jaylen Morris,Projected,5.6,13.2,1.7,5.2,2.7,3.8,1.4,6.5,3.8,1,0.6,2.1,3.1,15.5,0.422,0.328,0.719,morrija01
288,Joel Ayayi,Projected,5.7,12.8,1.7,4.8,2.3,2.9,1.6,6.7,4.2,1,0.6,1.8,2.6,15.5,0.447,0.35,0.783,ayayijo01
292,Cameron McGriff,Projected,5.7,12.7,1.8,5.1,2.3,2.9,2.3,7.8,3.4,0.9,0.7,1.6,3.4,15.5,0.448,0.355,0.805,mcgrica01
291,Scotty Hopson,Projected,5.8,12.6,1.7,4.9,2.3,2.9,1.4,6.1,3.5,1,0.6,2.3,2.9,15.5,0.459,0.335,0.771,hopsosc01
294,Neemias Queta,Projected,5.8,12.4,1.1,3,2.9,4.1,2.7,7.9,2.9,0.8,1.4,1.9,3.9,15.5,0.466,0.363,0.715,quetane01
290,Devon Dotson,Projected,5.9,12.3,1.5,4.7,2.2,3.2,1.2,5.6,4.7,1.1,0.4,1.9,3.3,15.5,0.483,0.312,0.702,dotsode01
295,Jae'Sean Tate,Projected,6.1,12.2,1.1,3.6,2.1,3,2.3,7.1,3.7,1.3,0.7,2.2,4.5,15.5,0.5,0.316,0.708,tateja01
296,Myles Turner,Projected,5.6,11.4,1.8,5.2,2.5,3.3,1.8,8.2,1.4,0.9,3.3,1.6,3.6,15.5,0.494,0.34,0.767,turnemy01
289,Udoka Azubuike,Projected,6.3,10.6,0.8,2.2,2,2.9,2.5,10.2,1.6,0.6,1.5,2.1,3.9,15.5,0.596,0.364,0.706,azubuud01
299,Carlik Jones,Projected,5.6,13.2,1.6,4.8,2.6,3.3,1.6,6.5,4.2,1.2,0.6,2.3,2.5,15.4,0.422,0.345,0.805,jonesca03
302,Taurean Prince,Projected,5.4,12.6,2.6,6.9,2,2.6,0.9,5.8,2.4,1.3,0.7,1.8,3.3,15.4,0.43,0.373,0.787,princta02
298,Jaylen Hoard,Projected,6.1,12.3,1.1,3.4,2.1,3.2,3.1,9.6,2.9,1.2,0.7,1.6,2.4,15.4,0.493,0.329,0.648,hoardja01
300,Kyle Lowry,Projected,5,11.7,2.5,6.8,2.9,3.4,0.6,5,7.5,1.1,0.3,2.9,3.1,15.4,0.43,0.371,0.85,lowryky01
301,Kenyon Martin Jr.,Projected,6.1,11.4,1.3,3.6,1.9,2.8,1.9,7,2.2,0.8,1,1.3,2.5,15.4,0.535,0.37,0.675,martike04
297,Devontae Cacok,Projected,6.2,11.4,0.9,2.6,2,2.9,2.3,9.6,2.5,1.7,1.3,1.6,3.5,15.4,0.546,0.36,0.664,cacokde01
303,Ivica Zubac,Projected,6.1,9.7,0.1,0.3,3.2,4.2,4.2,12.3,2.3,0.7,1.5,2,3.9,15.4,0.625,0.345,0.75,zubaciv01
310,Davion Mitchell,Projected,6.2,14.5,1.8,5.5,1.1,1.6,0.7,3.2,5.4,1,0.4,2,2.4,15.3,0.428,0.325,0.684,mitchda01
308,Gabriel Lundberg,Projected,5.6,13.6,2,5.5,2,2.6,1.6,6.4,4.8,1.4,0.6,2.1,3.5,15.3,0.414,0.359,0.774,lundbga01
307,Talen Horton-Tucker,Projected,5.8,13,1.2,4.2,2.5,3.2,0.9,4.9,4.2,1.5,0.7,2.2,3.4,15.3,0.444,0.291,0.797,hortota01
304,Cat Barber,Projected,5.6,13,1.7,4.9,2.3,3.8,1.6,6.8,4,1.1,0.7,2.1,2.9,15.3,0.433,0.354,0.612,barbeca01
306,Malik Fitts,Projected,5.7,12.4,2.2,5.4,1.8,2.3,1.4,7.6,3.4,0.8,0.5,1.7,2.9,15.3,0.456,0.406,0.779,fittsma01
311,Duncan Robinson,Projected,5.2,12.3,4,10.3,1,1.2,0.4,3.9,2.2,0.7,0.3,1.2,3.3,15.3,0.42,0.389,0.835,robindu01
309,Skylar Mays,Projected,5.7,12,1.7,4.8,2.1,2.5,1.2,5.1,3.4,1.3,0.3,1.6,2,15.3,0.479,0.347,0.842,mayssk01
313,Quinndary Weatherspoon,Projected,5.7,11.8,1.2,3.8,2.7,3.3,1.2,5.9,3.2,1.2,0.6,2.1,4.4,15.3,0.484,0.317,0.825,weathqu01
305,Bruno Fernando,Projected,6,11.2,0.7,2.2,2.6,3.9,2.9,10.5,2.5,0.7,1.2,2.6,4.3,15.3,0.536,0.321,0.673,fernabr01
312,Rayjon Tucker,Projected,5.1,10.4,1.7,4.3,3.3,4.3,1.3,5.8,3.8,1.3,0.4,1.7,2.9,15.3,0.494,0.404,0.763,tuckera01
315,Udonis Haslem,Projected,5.9,13.2,1.3,4,2.1,2.6,1.5,8,2.9,0.8,0.6,2.1,4.2,15.2,0.448,0.326,0.8,hasleud01
317,Daniel Oturu,Projected,5.7,12.2,1.2,3.6,2.6,3.5,2.5,8,3,1,1.2,1.8,3.4,15.2,0.465,0.344,0.745,oturuda01
314,Enes Freedom,Projected,6.2,11,0.3,0.7,2.5,3.1,5.2,14.6,1.7,0.7,1.1,1.7,3.5,15.2,0.566,0.352,0.782,kanteen01
316,Damian Jones,Projected,5.8,9.2,0.4,1.3,3.1,4.3,2.5,8.4,2.4,0.9,1.6,1.9,4.6,15.2,0.635,0.343,0.727,jonesda03
321,Kelan Martin,Projected,5.9,13.8,2,6.1,1.3,1.6,1.5,5.9,2.1,1,0.8,1.5,3.2,15.1,0.428,0.324,0.79,martike03
324,Jordan Schakel,Projected,5.4,13.1,1.8,5.5,2.5,3.2,1.7,7.2,3.2,1.2,0.6,1.9,2.4,15.1,0.412,0.323,0.805,schakjo01
320,Kyle Guy,Projected,5.3,13,2.3,6.7,2.1,2.8,1,5,3.9,1.2,0.3,2.1,2.7,15.1,0.41,0.338,0.751,guyky01
322,Monte Morris,Projected,5.9,12.3,1.9,4.8,1.4,1.7,0.5,3.6,5.2,1,0.3,1.2,1.6,15.1,0.482,0.392,0.839,morrimo01
319,Gabriel Deck,Projected,5.8,11.9,1.3,3.9,2.3,2.9,1.7,6.2,3.7,1.1,0.4,1.6,2.2,15.1,0.484,0.331,0.796,deckga01
318,Nic Claxton,Projected,6.4,10,0.2,0.7,2.1,3.5,3.1,9.6,1.9,1,1.9,1.4,3.8,15.1,0.64,0.346,0.588,claxtni01
323,Nick Richards,Projected,5.8,9.9,0.6,1.6,2.9,4.1,2.8,7.9,2,0.9,1.6,2.2,4.3,15.1,0.586,0.352,0.715,richani01
331,Kira Lewis Jr.,Projected,5.9,14,1.6,5.3,1.7,2,0.8,4.1,4.9,1.4,0.4,1.9,2.7,15,0.419,0.306,0.83,lewiski01
327,Carsen Edwards,Projected,5.6,13.6,2.1,6.8,1.7,2.1,0.9,4.8,3.5,1.1,0.4,1.7,2.9,15,0.411,0.312,0.796,edwarca01
326,Sharife Cooper,Projected,5.6,13,1.7,5.2,2.1,2.7,1.3,6.4,4,0.9,0.6,2.5,2.5,15,0.429,0.329,0.784,coopesh01
336,Emanuel Terry,Projected,5.5,12.8,1.7,4.7,2.3,3,3,9,3.7,1.2,0.6,2.8,3.4,15,0.43,0.357,0.777,terryem01
330,George King,Projected,5.4,12.8,1.7,5.5,2.5,3.3,1.4,6.9,3.3,1,0.6,2,3.4,15,0.425,0.303,0.741,kingge03
335,Josh Richardson,Projected,5.4,12.4,2.1,5.4,2.2,2.5,1,4.2,2.9,1.2,0.6,1.6,2.7,15,0.434,0.378,0.878,richajo01
329,Jay Huff,Projected,5.5,12.3,1.7,5,2.3,2.9,1.6,6.8,3.5,1.2,0.8,2,2.8,15,0.447,0.333,0.779,huffja01
333,Trayvon Palmer,Projected,5.5,12.1,1.7,4.8,2.3,3,1.4,6.4,3.3,1,0.6,2.1,3,15,0.454,0.354,0.775,palmetr01
332,Greg Monroe,Projected,5.9,11.7,0.8,2.4,2.3,3.8,3.7,9.3,3.9,1.3,1.3,2.2,3.8,15,0.506,0.351,0.618,monrogr01
325,Grayson Allen,Projected,5.2,11.6,3.1,7.6,1.6,1.9,0.7,4.6,2.4,1,0.3,1.1,2,15,0.445,0.404,0.857,allengr01
328,Josh Hart,Projected,5.3,11,1.6,4.8,2.7,3.6,1.3,8.4,3.9,1.2,0.3,2,3,15,0.483,0.342,0.762,hartjo01
334,Jakob Poeltl,Projected,6.6,10.9,0.1,0.3,1.6,3.1,4.4,11.1,3.2,0.9,2.2,1.9,3.7,15,0.61,0.39,0.513,poeltja01
341,Josh Giddey,Projected,6.2,14,1.3,4.5,1.3,1.8,2.1,9,7.2,1.1,0.5,3.4,1.9,14.9,0.439,0.285,0.732,giddejo01
348,Robert Woodard II,Projected,5.4,13.5,1.6,4.8,2.4,3.3,2.2,7.9,3.3,1,0.9,1.7,2.8,14.9,0.403,0.335,0.729,woodaro01
343,Justin Jackson,Projected,5.4,13.1,2,6.4,2,2.4,1.1,5.5,2.9,0.8,0.3,1.6,2.4,14.9,0.414,0.319,0.826,jacksju01
347,Myles Powell,Projected,5.5,12.8,1.6,5,2.3,2.8,1.4,6.1,3.3,1,0.5,2,3.5,14.9,0.431,0.322,0.806,powelmy01
339,Eric Bledsoe,Projected,5.4,12.8,1.7,5.1,2.4,3.3,0.7,4.8,5.4,1.4,0.5,2.6,2.2,14.9,0.425,0.326,0.735,bledser01
337,Jose Alvarado,Projected,5.8,12.7,1.5,4.8,1.7,2.5,1.2,4.8,6.2,2.8,0.4,1.8,3.1,14.9,0.456,0.309,0.707,alvarjo01
338,Lonzo Ball,Projected,5.4,12.6,3.2,8,0.9,1.2,1,5.9,6,1.8,0.8,2.5,2.4,14.9,0.426,0.403,0.745,balllo01
345,Naji Marshall,Projected,5.2,12.5,1.3,4.9,3.3,4.2,1.5,7.2,3.6,1.5,0.5,2.1,3.2,14.9,0.416,0.263,0.775,marshna01
340,Devin Cannady,Projected,5.1,12.3,2.8,7.1,2,2.7,0.8,4.1,2.9,1.3,0.7,1.6,2.8,14.9,0.413,0.389,0.772,cannade01
346,Georges Niang,Projected,5.3,12,3.3,8.1,1.1,1.2,0.7,4.7,2.1,0.7,0.3,1.4,3.8,14.9,0.438,0.405,0.871,niangge01
344,Alex Len,Projected,5.9,10.7,0.5,1.7,2.5,3.8,2.9,9.4,2.4,0.8,1.7,2.2,5,14.9,0.552,0.316,0.654,lenal01
342,Jeff Green,Projected,5.3,10.6,1.4,4.1,2.9,3.6,0.8,4.8,2,0.6,0.5,1.4,2.8,14.9,0.498,0.348,0.81,greenje02
350,Keon Johnson,Projected,5.3,13.8,1.8,5.1,2.3,2.8,1.3,4.8,4,1.4,0.7,2.2,3.3,14.8,0.388,0.357,0.808,johnske07
352,Isaiah Todd,Projected,5.4,12.9,1.9,6,2.1,3.2,1.6,6.6,3.2,1.4,0.8,2,2.6,14.8,0.417,0.325,0.662,toddis01
349,Darius Bazley,Projected,5.4,12.7,1.6,5.2,2.3,3.3,1.3,8.3,2,1,1.1,1.9,1.4,14.8,0.426,0.311,0.707,bazleda01
351,Patty Mills,Projected,5.1,12.6,3.4,8.8,1.1,1.3,0.4,2.6,3,0.8,0.2,1.3,1.9,14.8,0.408,0.385,0.843,millspa02
362,Tremont Waters,Projected,5.3,12.7,1.9,5.6,2.2,2.6,1,4.8,5.9,2,0.4,3,2.8,14.7,0.418,0.342,0.848,watertr01
358,Furkan Korkmaz,Projected,5.2,12.7,2.5,7.3,1.9,2.4,0.6,4.5,3,1.1,0.3,1.4,1.8,14.7,0.407,0.336,0.784,korkmfu01
353,Ignas Brazdeikis,Projected,5.6,12.6,1.8,5.4,1.7,2.4,1.6,5.5,2.8,0.8,0.3,1.4,3.1,14.7,0.442,0.333,0.705,brazdig01
357,Kevin Huerter,Projected,5.6,12.5,2.6,6.6,0.9,1.1,0.6,4.3,3.7,1.1,0.4,1.5,2.9,14.7,0.453,0.387,0.803,huertke01
356,Kentavious Caldwell-Pope,Projected,5.2,11.8,2.3,6,2,2.3,0.7,3.9,2.3,1.2,0.4,1.4,2.2,14.7,0.437,0.392,0.868,caldwke01
360,Trey Murphy III,Projected,4.9,11.7,2.8,7.3,2,2.3,1.9,6.4,2,1,0.4,0.9,2.5,14.7,0.417,0.39,0.863,murphtr02
355,Oshae Brissett,Projected,5,11.6,2,5.4,2.8,3.8,2.4,8.2,1.8,1.1,0.8,1.2,2.6,14.7,0.432,0.366,0.719,brissos01
359,Sandro Mamukelashvili,Projected,5.4,11,2,4.8,1.9,2.4,2.7,7.2,2.5,0.9,0.8,1.5,2.6,14.7,0.494,0.411,0.807,mamuksa01
354,Mikal Bridges,Projected,5.7,10.6,1.6,4.2,1.7,2.1,1,4.6,2.4,1.2,0.6,0.9,2,14.7,0.536,0.389,0.836,bridgmi01
361,Onyeka Okongwu,Projected,5.9,9,0.2,0.6,2.8,3.8,3.9,10,2,1.2,2,1.6,5.1,14.7,0.653,0.349,0.724,okongon01
363,Santi Aldama,Projected,5.7,13.1,1,4.9,2.2,3.2,2.8,8.2,2.7,0.8,0.9,1.7,3.3,14.6,0.432,0.21,0.683,aldamsa01
366,Cassius Stanley,Projected,5.3,12.5,1.4,4.6,2.5,2.9,1.6,6,2.1,1.1,0.6,1.5,3.6,14.6,0.428,0.304,0.856,stanlca01
365,RJ Nembhard Jr.,Projected,5.4,12.3,1.4,4.1,2.4,3,1.6,6,4.6,1,0.5,1.9,2.4,14.6,0.442,0.335,0.777,nembhrj01
367,P.J. Washington,Projected,5.4,11.6,2.2,5.7,1.6,2.2,1.7,7.2,3,1.2,1.3,1.9,3.1,14.6,0.466,0.379,0.73,washipj01
364,Moses Moody,Projected,5.2,11.3,2.3,6.2,1.9,2.4,1.2,5.3,1.9,0.6,0.6,1,2.5,14.6,0.459,0.377,0.787,moodymo01
373,Tyus Jones,Projected,5.7,12.7,1.7,4.5,1.3,1.6,0.5,4.2,7.4,1.6,0.1,1.3,1,14.5,0.452,0.376,0.827,jonesty01
372,Aaron Holiday,Projected,5.4,12.5,1.7,4.5,2.1,2.5,0.7,4,4.8,1.4,0.4,2.2,3,14.5,0.43,0.379,0.844,holidaa01
375,Théo Maledon,Projected,4.9,12.5,2,6,2.7,3.4,0.7,5,4.6,1.2,0.4,2.6,2.6,14.5,0.393,0.331,0.783,maledth01
374,Kevin Knox,Projected,5,12.5,2.3,6.8,2.1,2.9,1.4,6.1,2.1,0.9,0.6,1.4,3,14.5,0.401,0.343,0.738,knoxke01
371,Blake Griffin,Projected,5.2,12.4,1.7,5.8,2.4,3.3,1.7,7.6,4,1,0.5,1.6,3.4,14.5,0.418,0.293,0.737,griffbl01
368,Precious Achiuwa,Projected,5.8,12.4,1.1,2.9,1.9,3.2,3.1,9.9,1.8,0.8,0.9,1.8,3.3,14.5,0.467,0.367,0.595,achiupr01
369,Chaundee Brown Jr.,Projected,5.1,12.3,2,5.6,2.3,2.8,1.1,6.3,2.8,1,0.4,1.4,2.7,14.5,0.418,0.352,0.797,brownch05
377,Landry Shamet,Projected,4.8,11.8,3.1,8.1,1.8,2.1,0.4,3.3,2.7,0.7,0.3,1.1,2.5,14.5,0.409,0.38,0.839,shamela01
370,Dewayne Dedmon,Projected,5.6,10.5,0.8,2.3,2.5,3.3,3.3,12.2,1.8,0.9,1.3,2.4,5.7,14.5,0.54,0.342,0.752,dedmode01
376,Gary Payton II,Projected,6,10.3,1.3,3.7,1.2,1.8,2,7.1,2.1,2.6,0.6,1.3,3.8,14.5,0.586,0.354,0.637,paytoga02
379,Jarrett Culver,Projected,5.6,13.4,1.4,4.8,1.9,3.3,1.8,6.1,2.9,1.6,0.7,2,3.7,14.4,0.415,0.292,0.563,culveja01
386,Ricky Rubio,Projected,4.9,12.8,1.7,5.2,3,3.5,0.7,5.1,8.4,1.8,0.2,2.8,2.9,14.4,0.381,0.33,0.853,rubiori01
383,Svi Mykhailiuk,Projected,5.2,12.6,2.5,7.4,1.5,1.8,0.9,4.6,2.8,1.3,0.3,1.9,2.3,14.4,0.413,0.34,0.818,mykhasv01
387,Xavier Sneed,Projected,5.3,12.4,1.7,5.6,2.1,2.7,1.6,6.5,3.2,0.9,0.6,1.6,2.7,14.4,0.43,0.302,0.778,sneedxa01
382,Paul Millsap,Projected,5.4,12.2,1.3,4.1,2.2,3,2.7,8.6,2.9,1.3,1,1.8,4.4,14.4,0.445,0.324,0.74,millspa01
381,JaMychal Green,Projected,5.3,11.2,1.7,5.1,2.1,2.6,2.5,9.1,1.9,1.2,0.8,1.8,4.9,14.4,0.468,0.332,0.839,greenja01
385,David Nwaba,Projected,5.3,11.1,1.1,3.4,2.7,3.7,2.1,7.7,2.1,1.5,1.1,1.3,3.2,14.4,0.48,0.31,0.713,nwabada01
378,Amir Coffey,Projected,4.9,10.8,2.2,5.7,2.4,2.8,0.7,4.7,2.9,0.9,0.3,1.2,2.2,14.4,0.458,0.385,0.835,coffeam01
384,Zeke Nnaji,Projected,5.2,10.1,2,4.5,2,3,2.4,7.3,1.4,0.9,0.6,1.2,3.5,14.4,0.511,0.443,0.68,nnajize01
380,Anthony Gill,Projected,5.1,9.7,1.3,3,2.9,3.7,2.3,6.9,2.4,0.7,0.8,1.5,4.2,14.4,0.524,0.418,0.801,gillan01
391,Deividas Sirvydis,Projected,5.1,12.5,2.1,6.2,1.9,2.5,1,7.2,2.9,1.3,0.6,1.6,3,14.3,0.411,0.337,0.741,sirvyde01
389,Mychal Mulder,Projected,5.1,12.3,3.1,8.5,1.1,1.4,0.6,3.9,1.6,0.7,0.5,1.2,2.5,14.3,0.413,0.366,0.756,muldemy01
388,Jordan Bell,Projected,5.4,11.9,1.3,3.8,2.2,3.1,2.3,8.2,3.3,1.2,1.1,2.2,3.2,14.3,0.452,0.347,0.724,belljo01
390,Olivier Sarr,Projected,5.4,9.9,1.4,3.3,2.2,2.7,2.6,7.7,2.3,0.7,1.1,1.9,3.9,14.3,0.542,0.415,0.816,sarrol01
397,Denzel Valentine,Projected,5.3,13.7,2.7,7.8,0.8,0.9,1.1,6.7,3.2,1.2,0.3,1.7,2.8,14.2,0.392,0.35,0.83,valende01
393,Markieff Morris,Projected,5.4,12.6,1.9,5.9,1.4,1.8,1.5,6.9,2.5,0.8,0.5,2,3.5,14.2,0.432,0.331,0.768,morrima02
396,Matt Thomas,Projected,5,11.8,2.7,7.2,1.5,1.8,0.6,4.7,2.1,0.7,0.3,1.1,2,14.2,0.425,0.378,0.799,thomama02
392,Malcolm Hill,Projected,5,10.7,2.1,5.7,2.2,2.8,1.7,6.3,2.4,1.2,0.6,1.2,3.6,14.2,0.463,0.36,0.782,hillma01
395,Daniel Theis,Projected,5.6,10.7,1.2,3.6,1.8,2.6,2.2,8.3,2.1,0.8,1.2,1.6,4,14.2,0.525,0.319,0.695,theisda01
394,Chris Silva,Projected,4.9,9.7,0.9,2.5,3.4,4.4,3.4,10.2,3.1,0.7,1.1,2.8,5.9,14.2,0.511,0.367,0.765,silvach01
403,Raul Neto,Projected,5.4,11.7,1.2,3.7,2.1,2.6,0.5,3.9,4.9,1.5,0.2,1.9,2.8,14.1,0.462,0.336,0.799,netora01
404,Otto Porter Jr.,Projected,5.2,11.5,2.1,5.7,1.5,1.9,2,8.9,2.7,1.6,0.7,1.1,2.3,14.1,0.456,0.37,0.805,porteot01
405,Ziaire Williams,Projected,5.4,11.5,2.1,6.3,1.3,1.7,0.8,3.9,2,1,0.4,1.2,2.9,14.1,0.466,0.33,0.79,willizi02
398,Nemanja Bjelica,Projected,5.2,11.3,1.8,5,1.8,2.5,1.9,8.5,4.5,1.2,0.7,2.4,4,14.1,0.461,0.36,0.738,bjeline01
402,Abdel Nader,Projected,5.1,11.2,1.7,4.6,2.3,3.1,1,6,2.3,1.3,0.9,2.1,3.6,14.1,0.45,0.365,0.735,naderab01
400,Caleb Martin,Projected,5.2,11,1.7,4.5,1.9,2.6,1.7,6.1,2.1,1.5,0.7,1.4,2.8,14.1,0.476,0.371,0.74,martica02
399,Wenyen Gabriel,Projected,5.2,11,1.3,3.7,2.4,3.7,3.2,8.7,2,0.9,1,1.9,5.4,14.1,0.473,0.343,0.652,gabriwe01
401,Jalen McDaniels,Projected,5.2,10.8,1.6,4.3,2.1,2.8,1.6,6.9,2.4,1.1,0.8,1.6,3.6,14.1,0.482,0.37,0.739,mcdanja01
407,Donte DiVincenzo,Projected,4.8,12.1,2.5,7,1.8,2.3,1.5,6.9,4.1,1.6,0.3,2.2,2.4,14,0.401,0.359,0.799,divindo01
406,Darren Collison,Projected,5.2,12,1.5,4.8,2,2.6,1.2,6,3.3,1.1,0.6,1.9,3.3,14,0.436,0.309,0.769,collida01
410,Jake Layman,Projected,5.3,11.6,1.5,5,1.9,2.6,1,5,1.9,1.3,0.9,1.7,2.5,14,0.458,0.292,0.732,laymaja01
408,Tacko Fall,Projected,5.5,10.8,1,2.9,2,3.6,2.7,9.9,2.5,0.7,2.4,1.9,3.4,14,0.51,0.362,0.546,fallta01
409,Dwight Howard,Projected,5.2,8.8,0.4,0.9,3.4,5.5,4.5,13.8,1.6,1.1,1.5,2.4,5,14,0.588,0.387,0.609,howardw01
411,Dwight Powell,Projected,5.2,8.2,0.4,1.1,3.3,4.2,3.2,8,2.1,0.9,0.8,1.4,4.4,14,0.636,0.329,0.774,poweldw01
414,Malachi Flynn,Projected,5.1,12.7,2.1,6.1,1.5,2.1,0.7,4.7,4.9,1.4,0.3,1.3,2.8,13.9,0.403,0.338,0.739,flynnma01
412,Kyle Anderson,Projected,5.3,11.7,1.2,3.6,2,2.9,1.4,8.2,4.5,1.7,1.1,1.7,2.6,13.9,0.455,0.343,0.707,anderky01
415,Marcus Smart,Projected,4.8,11.6,2,6,2.4,3,0.7,4.2,6.2,1.8,0.4,2.4,2.7,13.9,0.412,0.333,0.795,smartma01
413,Wayne Ellington,Projected,4.8,11.4,3.5,9.1,0.8,1,0.5,3.6,2,0.9,0.3,1.1,2.1,13.9,0.419,0.389,0.795,ellinwa01
424,Aleksej Pokusevski,Projected,5.4,13.3,1.8,5.9,1.2,1.6,1.8,8.7,3.7,1,1.2,2.8,2.3,13.8,0.407,0.303,0.734,pokusal01
418,Langston Galloway,Projected,4.9,11.6,2.3,6.4,1.6,1.9,0.9,4.4,2.7,0.8,0.2,1.4,2.3,13.8,0.422,0.365,0.852,gallola01
425,Yves Pons,Projected,5.1,11.6,1.8,5,1.8,2.6,1.9,6.6,2.8,1,1.1,1.6,2.9,13.8,0.44,0.357,0.692,ponsyv01
419,Gary Harris,Projected,4.9,11.5,2.1,5.7,1.8,2.2,0.8,2.9,2.4,1.2,0.3,1.3,2.4,13.8,0.428,0.371,0.847,harriga01
420,Chandler Hutchison,Projected,5,11.5,1.2,3.3,2.6,3.4,1,7.5,2.6,1.3,0.6,2.2,3.1,13.8,0.436,0.359,0.751,hutchch01
426,Lamar Stevens,Projected,5.5,11.3,0.7,2.5,2.1,2.9,1.7,6.2,1.9,1.1,0.7,1.5,3.6,13.8,0.486,0.286,0.724,stevela01
421,Alize Johnson,Projected,5.4,11.2,0.8,2.6,2.1,2.9,4.1,11.7,2.8,1.1,0.5,2.2,3.3,13.8,0.488,0.301,0.75,johnsal02
416,Greg Brown III,Projected,5,11.2,1.3,3.8,2.6,3.6,2.1,7.6,2.4,1.4,1.2,2,4.5,13.8,0.449,0.336,0.707,browngr01
423,Norvel Pelle,Projected,5.3,11,1.2,3.2,2,2.8,2.2,7.9,2.6,0.8,1.9,2.2,4.2,13.8,0.483,0.357,0.728,pelleno01
422,Nassir Little,Projected,4.9,10.4,1.7,4.9,2.3,3,1.9,7.7,1.9,0.8,1.1,1.3,2.8,13.8,0.472,0.344,0.753,littlna01
417,Tyler Cook,Projected,5.3,9.2,0.6,1.5,2.6,4,2.3,8.2,1.8,0.8,0.5,1.6,3.6,13.8,0.577,0.371,0.648,cookty01
427,Armoni Brooks,Projected,4.8,12.6,3.2,9.9,1,1.2,0.9,4.8,2.7,1.1,0.5,1.3,2.9,13.7,0.378,0.327,0.793,brookar01
430,Aleem Ford,Projected,5.2,12.1,1.6,5.8,1.8,2.3,1.4,6.9,2.9,1,0.5,2,3,13.7,0.427,0.274,0.78,fordal03
431,R.J. Hampton,Projected,5,12,1.6,4.4,2.1,3.1,0.8,5.8,4,1.1,0.4,2.1,2.5,13.7,0.416,0.356,0.672,hamptrj01
436,Gabe Vincent,Projected,5,11.9,2.6,7.3,1.1,1.4,0.6,3.2,4.5,1.4,0.3,2.1,3.6,13.7,0.417,0.359,0.819,vincega01
432,Anthony Lamb,Projected,4.9,11.5,1.9,5.8,2,2.4,1.9,6.3,2.9,0.8,0.6,1.8,2.8,13.7,0.427,0.335,0.813,lamban01
435,Brodric Thomas,Projected,4.8,11.2,1.6,5.3,2.6,3.7,1.1,5.7,3.7,1.2,0.8,2.2,3.4,13.7,0.424,0.303,0.705,thomabr01
433,Terance Mann,Projected,5.2,10.6,1.2,3.2,2.1,2.6,1.6,6.7,3.3,0.9,0.4,1.3,2.9,13.7,0.491,0.377,0.79,mannte01
429,James Ennis III,Projected,4.8,10.4,1.7,4.4,2.5,3.1,1.7,6.4,2.4,1.1,0.5,1.5,3.3,13.7,0.46,0.383,0.797,ennisja01
428,Vlatko Čančar,Projected,5.1,10.3,1.5,3.9,2,2.7,1.6,6.6,3.1,1,0.6,1.9,3,13.7,0.495,0.385,0.732,cancavl01
434,Garrison Mathews,Projected,3.9,9.6,2.8,7.6,3,3.7,0.7,4,1.4,1.2,0.5,0.8,3.5,13.7,0.411,0.369,0.816,mathega01
439,Melvin Frazier,Projected,5.1,13.4,1.3,5.6,2,2.7,1.5,5.4,2.2,0.9,0.4,1.6,2.7,13.6,0.384,0.231,0.751,frazime01
440,Brandon Goodwin,Projected,5.1,12.3,1.7,5,1.9,2.7,0.9,5,5.6,1.4,0.2,2.3,2.7,13.6,0.412,0.333,0.685,goodwbr01
438,Sekou Doumbouya,Projected,5.1,12,1.4,4.8,2.1,2.9,1.6,6.3,2.2,1.2,0.6,1.9,3.5,13.6,0.421,0.284,0.731,doumbse01
446,Alfonzo McKinnie,Projected,5.3,11.8,1.7,4.9,1.3,2.2,2.2,6.5,1.6,0.9,0.5,1.4,3.9,13.6,0.447,0.341,0.599,mckinal01
443,Al Horford,Projected,5.2,11.5,1.7,5.1,1.4,1.7,1.8,8.9,4.2,0.9,1.4,1.3,2.4,13.6,0.453,0.337,0.819,horfoal01
448,Joe Wieskamp,Projected,4.7,11.3,2.2,6.5,1.8,2.7,1.1,4.4,2.6,0.9,0.6,1.1,2.6,13.6,0.421,0.345,0.674,wieskjo01
442,Quentin Grimes,Projected,4.8,11.1,3.1,8,1,1.3,1.2,4.8,2.4,1.4,0.6,1.4,3.2,13.6,0.428,0.389,0.732,grimequ01
445,Damion Lee,Projected,4.8,10.9,2,5.7,1.9,2.2,0.8,5.9,2.3,1.2,0.2,1.2,2.8,13.6,0.444,0.355,0.871,leeda03
444,Tre Jones,Projected,5.4,10.9,0.5,1.9,2.3,2.9,1,5,6.8,1.3,0.3,1.5,2.4,13.6,0.494,0.267,0.796,jonestr01
447,Xavier Tillman Sr.,Projected,5.4,10.9,0.8,2.7,1.9,2.9,2.9,8.3,3,2,0.9,1.7,3.4,13.6,0.5,0.288,0.67,tillmxa01
441,Hassani Gravett,Projected,5,10.5,2.1,5.4,1.6,2,0.9,5.6,4,1.1,0.5,2,2.8,13.6,0.47,0.393,0.773,graveha01
437,Tony Bradley,Projected,5.8,9.7,0.3,0.8,1.7,2.5,4.2,11.9,2.1,0.8,1.8,2,3.8,13.6,0.6,0.356,0.695,bradlto01
449,Bruce Brown,Projected,5.4,10.5,0.7,2,2.1,2.7,2.1,7.4,3.2,1.5,0.9,1.3,3.5,13.5,0.514,0.374,0.754,brownbr01
450,Elfrid Payton,Projected,5.7,13.4,0.6,2.2,1.5,2.5,1.5,5.7,5.9,1.4,0.4,2.7,2.7,13.4,0.422,0.283,0.595,paytoel01
452,Theo Pinson,Projected,4.6,11.9,1.9,6.5,2.2,2.6,1,5.8,4,1.2,0.6,1.9,3.1,13.4,0.387,0.297,0.871,pinsoth01
453,Tyrone Wallace,Projected,5,11.8,1.4,4.6,2,3.1,1,5.7,2.7,1.3,0.6,1.8,3.2,13.4,0.424,0.31,0.634,wallaty01
451,Jamorko Pickett,Projected,4.9,11.6,2.3,6.6,1.4,1.8,1.4,6.7,2.6,0.6,1.1,1.5,2.7,13.4,0.421,0.347,0.747,pickeja01
460,Justise Winslow,Projected,5.3,12.8,0.9,3.5,1.8,3,2,8.8,3.9,1.4,1,2.3,3.1,13.3,0.417,0.246,0.622,winslju01
454,Damyean Dotson,Projected,5.1,12,1.9,6.1,1.3,1.8,0.5,4.4,3.4,0.8,0.3,1.6,1.9,13.3,0.423,0.316,0.71,dotsoda01
456,Isaiah Joe,Projected,4.3,11.3,2.8,7.8,1.9,2.2,0.6,4,2.4,1,0.3,1.2,2.8,13.3,0.385,0.354,0.86,joeis01
458,Daishen Nix,Projected,4.8,10.7,1.4,4.2,2.4,3.8,1.2,5.5,5,1.8,0.3,2.9,2.8,13.3,0.446,0.324,0.629,nixda01
455,Juancho Hernangómez,Projected,4.6,10.7,2,5.9,2.1,3.3,1.9,8,1.8,1,0.6,1.3,2.2,13.3,0.432,0.341,0.624,hernaju01
459,Tristan Thompson,Projected,5.4,10.6,0.2,0.6,2.2,3.9,4.5,11.4,1.9,0.8,0.9,1.9,3.5,13.3,0.513,0.337,0.569,thomptr01
457,Corey Kispert,Projected,4.9,10.5,2.3,6.3,1.2,1.4,1.1,4.5,1.9,0.8,0.5,1.1,1.9,13.3,0.466,0.359,0.859,kispeco01
464,Luke Kornet,Projected,5.2,11.4,1.4,5.1,1.4,1.9,2.1,7.2,2.9,0.8,1.8,1,2.8,13.2,0.455,0.28,0.717,kornelu01
463,Mamadi Diakite,Projected,5.2,10.8,0.8,2.8,2,2.8,2.4,9.1,2,1.2,1.3,1.5,4.6,13.2,0.482,0.279,0.704,diakima01
465,Saben Lee,Projected,4.6,10.6,0.8,2.9,3.1,4.1,1.1,5.3,6.7,1.8,0.7,2.2,2.9,13.2,0.438,0.287,0.76,leesa01
461,D.J. Augustin,Projected,4.2,10.4,2.5,6.4,2.3,2.6,0.6,3.2,5,0.8,0.1,2.2,1.8,13.2,0.408,0.386,0.877,augusdj01
462,Keita Bates-Diop,Projected,5.2,10.4,0.9,2.8,1.9,2.6,2.1,8.1,1.8,1.1,0.6,1.6,2.3,13.2,0.496,0.324,0.745,bateske01
466,Robert Williams,Projected,5.8,8.2,0.1,0.4,1.5,2.1,4.6,11.8,2.7,1.2,2.7,1.4,3,13.2,0.709,0.34,0.704,williro04
474,Ish Smith,Projected,5.7,13.3,0.9,2.5,0.8,1.2,0.8,4.9,7,1.4,0.7,2.2,2.5,13.1,0.43,0.363,0.659,smithis01
467,Justin Anderson,Projected,4.7,11.7,1.8,6.3,1.9,2.5,0.8,5.8,3.7,1,0.7,1.3,2.7,13.1,0.404,0.278,0.777,anderju01
468,Haywood Highsmith,Projected,4.8,11.6,1.9,5.7,1.5,2.2,1.9,6.2,2.5,0.8,0.7,1.4,2.9,13.1,0.416,0.34,0.686,highsha01
471,Timothé Luwawu-Cabarrot,Projected,4.4,11.1,2.4,6.9,1.8,2.2,1,4.7,2.3,1,0.3,1.4,3.7,13.1,0.399,0.345,0.832,luwawti01
470,Didi Louzada,Projected,4.7,11.1,2.1,5.7,1.6,1.9,1.4,5.6,2.7,0.9,0.6,1.7,3.2,13.1,0.425,0.373,0.809,louzama01
472,Rodney McGruder,Projected,4.8,10.9,2.3,6.1,1.1,1.6,1.4,5.5,2.4,1.1,0.4,1.3,2.8,13.1,0.443,0.383,0.725,mcgruro01
475,Aaron Wiggins,Projected,4.9,10.4,1.3,4.2,2,2.6,1.5,5.5,2.3,0.9,0.4,1.6,2.7,13.1,0.471,0.319,0.742,wiggiaa01
473,Juwan Morgan,Projected,4.9,10.2,1.5,4.1,1.7,2.4,1.9,6.6,2.9,0.9,0.5,1.5,3.7,13.1,0.483,0.365,0.717,morgaju01
469,Isaiah Livers,Projected,4.6,9.9,2.4,5.8,1.6,1.9,1.5,5.8,2.5,1.2,0.7,1.6,3.3,13.1,0.466,0.411,0.819,liveris01
476,Patrick Williams,Projected,4.9,9.7,1.2,2.8,2,2.7,1.3,6.2,1.9,1.1,0.8,1.6,2.3,13.1,0.505,0.429,0.746,willipa01
479,David Duke Jr.,Projected,4.8,11.9,1.3,4.3,2.1,2.6,2.7,7.1,2.5,1.4,0.7,1.3,3.4,13,0.407,0.295,0.803,dukeda01
480,Aaron Nesmith,Projected,4.8,11.1,2,6.4,1.5,1.9,1.2,6.3,1.7,1.1,0.4,1.7,4.2,13,0.429,0.317,0.801,nesmiaa01
481,Jeremiah Robinson-Earl,Projected,4.8,11,2,5.4,1.5,2,2.4,9,1.9,1,0.5,1.4,2.5,13,0.433,0.363,0.756,robinje02
478,Justin Champagnie,Projected,4.9,10.3,1.5,4.2,1.7,2,3.7,8.5,2.3,1.1,0.6,1.4,3.6,13,0.476,0.368,0.865,champju01
477,Thanasis Antetokounmpo,Projected,5.2,10.2,0.5,2.1,2.1,3.4,2.9,7.6,2.5,1.3,0.8,2.3,4.7,13,0.509,0.258,0.613,antetth01
482,Zavier Simpson,Projected,5,11.9,1,3.4,1.8,2.1,1,5.5,5,1.1,0.8,2,3,12.9,0.423,0.302,0.834,simpsza01
483,Dennis Smith Jr.,Projected,4.9,11.6,0.9,2.9,2.2,3.3,1.2,5.3,6.7,2.2,0.8,2.7,3.1,12.9,0.42,0.305,0.676,smithde03
484,Yuta Watanabe,Projected,4.6,10.7,2,5.4,1.8,2.6,1.6,7.5,2.1,1.1,1.1,1.4,3,12.9,0.428,0.363,0.68,watanyu01
488,Javonte Smart,Projected,4.7,11.8,1.7,5,1.7,2.1,1.2,5.5,3.3,1.1,0.6,2,2.5,12.8,0.399,0.332,0.797,smartja01
486,PJ Dozier,Projected,4.8,11.7,1.6,5,1.5,2.1,1.3,6.3,3.3,1.1,0.7,1.6,3.1,12.8,0.414,0.327,0.704,doziepj01
487,Justin Holiday,Projected,4.5,11.1,2.9,7.9,1,1.3,0.6,3.8,2.2,1.1,0.6,1.1,2.6,12.8,0.401,0.369,0.794,holidju01
485,Pat Connaughton,Projected,4.6,10.1,2.7,7,1,1.2,1.2,6.5,2,1.2,0.4,0.9,2,12.8,0.45,0.382,0.806,connapa01
489,Isaiah Stewart,Projected,5.3,10,0.5,1.3,1.6,2.2,4.3,11.9,1.8,0.6,1.7,1.7,4.1,12.8,0.532,0.347,0.728,stewais01
491,Jeff Dowtin,Projected,4.8,11.4,1.3,4.3,1.8,2.3,2,6.5,3.6,1.4,0.6,1.9,2.4,12.7,0.421,0.293,0.805,dowtije01
495,Frank Ntilikina,Projected,4.6,11.2,2,5.4,1.5,1.8,0.8,4.4,3.8,1.5,0.5,1.7,3.5,12.7,0.413,0.367,0.824,ntilila01
494,Jaden McDaniels,Projected,4.9,10.5,1.7,4.9,1.1,1.5,1.5,5.9,1.8,1,1.2,1.4,4.2,12.7,0.469,0.343,0.767,mcdanja02
490,Patrick Beverley,Projected,4.3,10.5,2.1,5.9,2,2.8,1.5,5.8,5.5,1.5,1.1,1.8,4.3,12.7,0.41,0.353,0.729,beverpa01
492,Danuel House Jr.,Projected,4.3,10.4,2.2,6,1.9,2.6,0.9,5.4,2.3,1,0.7,1.5,2.6,12.7,0.415,0.362,0.738,houseda01
493,Joe Ingles,Projected,4.4,10.1,2.8,7.2,1.1,1.4,0.5,4.5,5.5,0.8,0.2,2,2.6,12.7,0.44,0.388,0.806,inglejo01
498,Elijah Hughes,Projected,4.6,12.5,2.2,7.4,1.2,1.5,0.8,5.4,2.4,1.1,0.7,1.7,3,12.6,0.372,0.294,0.779,hugheel01
502,Keifer Sykes,Projected,4.8,12.3,1.7,5.6,1.3,1.6,0.7,3.7,3.9,0.8,0.4,2.1,3.2,12.6,0.386,0.311,0.833,sykeske01
501,Chuma Okeke,Projected,4.6,11.5,2.2,6.7,1.2,1.5,1.1,6.9,2.7,1.9,0.8,1.2,1.9,12.6,0.398,0.332,0.821,okekech01
503,Ish Wainright,Projected,4.7,11.3,1.9,5.7,1.3,1.9,2.3,5.8,2.2,1.7,0.6,1.5,4.3,12.6,0.419,0.331,0.691,wainris01
500,T.J. McConnell,Projected,5.6,10.8,0.5,1.6,1,1.3,1.1,5.2,8.1,2,0.5,2.3,2.5,12.6,0.514,0.321,0.767,mccontj01
496,Jae Crowder,Projected,4.3,10.7,2.6,7.3,1.4,1.8,0.7,6.6,2.6,1.5,0.6,1.2,3.1,12.6,0.401,0.356,0.776,crowdja01
497,Derrick Favors,Projected,5.4,9.8,0.2,1,1.5,2.1,3.7,11.3,1.8,1,1.3,1.1,3.9,12.6,0.554,0.252,0.692,favorde01
499,DeAndre Jordan,Projected,5.4,8.3,0.2,0.5,1.6,2.7,3.8,13.2,2.2,0.6,1.7,2.3,3.6,12.6,0.651,0.349,0.575,jordade01
504,Shaquille Harrison,Projected,4.6,11,1.1,3.4,2.3,2.9,1.2,6,3.3,1.7,0.8,1.7,3.5,12.5,0.419,0.313,0.79,harrish01
506,Admiral Schofield,Projected,4.6,10.6,2,5.8,1.3,1.7,1.3,6.7,2.3,0.6,0.5,1.6,4.1,12.5,0.434,0.338,0.782,schofad01
507,Paul Watson,Projected,4.5,10.5,2.3,6.2,1.2,1.7,0.9,6.2,2.6,0.9,0.6,1.4,3.1,12.5,0.431,0.361,0.725,watsopa01
508,Kenrich Williams,Projected,5,10.5,1.4,3.8,1.1,1.8,2.3,7.2,3.6,1.4,0.4,1.7,3.1,12.5,0.481,0.363,0.578,willike04
505,Mitchell Robinson,Projected,5.3,7.4,0.1,0.3,1.7,3.3,5.3,11.5,1,1.2,2.4,1.2,3.8,12.5,0.715,0.367,0.521,robinmi01
511,Kevin Pangos,Projected,4.6,11.6,1.6,5.5,1.6,2.1,1,4.5,5.1,0.9,0.3,1.8,2.7,12.4,0.401,0.289,0.768,pangoke01
510,DaQuan Jeffries,Projected,4.7,10.5,1.6,4.9,1.3,1.6,1.4,5.8,2.5,1.1,0.7,1.4,3.3,12.4,0.451,0.324,0.804,jeffrda01
509,Deni Avdija,Projected,4.6,10.3,1.6,4.7,1.7,2.3,0.9,7.8,2.9,1.1,0.7,1.4,3.5,12.4,0.443,0.33,0.753,avdijde01
513,JT Thor,Projected,4.5,9.7,1.4,4.3,2.1,3,1.6,6.4,3.1,1.1,1.2,1.6,3.2,12.4,0.465,0.318,0.688,thorjt01
512,Davon Reed,Projected,4.7,9.6,2,4.8,0.9,1.3,0.9,6,3,1.3,0.5,1.1,3.3,12.4,0.494,0.415,0.723,reedda01
516,Tyler Johnson,Projected,4.3,10.7,2.2,6.2,1.4,1.7,0.8,4.7,3,0.9,0.4,1.3,2.6,12.2,0.402,0.356,0.814,johnsty01
515,Ayo Dosunmu,Projected,4.9,9.4,1.3,3.3,1,1.5,0.6,3.9,4.4,1.1,0.5,1.8,3,12.2,0.523,0.383,0.704,dosunay01
514,Bismack Biyombo,Projected,5,8.8,0.2,0.6,2.1,3.9,3.7,10,2.1,0.6,1.8,1.9,4.1,12.2,0.562,0.352,0.538,biyombi01
517,Kris Dunn,Projected,4.8,11,0.7,2.7,1.8,2.2,1,5.6,6.1,2.3,0.5,2.7,4.1,12.1,0.434,0.263,0.834,dunnkr01
518,Dalano Banton,Projected,4.7,10.9,0.9,3.1,1.6,2.5,1.9,6.6,4.9,1.4,0.6,2.6,3.3,12,0.432,0.295,0.647,bantoda01
519,Jevon Carter,Projected,4.3,10.6,2.6,6.7,0.7,0.9,0.8,4.7,3.7,1.2,0.6,1.3,2.8,12,0.409,0.386,0.792,carteje01
523,Joshua Primo,Projected,4.2,10.5,1.7,5.1,1.8,2.4,1.3,4.7,3.2,0.8,0.9,2,2.9,12,0.405,0.327,0.764,primojo01
522,Cory Joseph,Projected,4.3,9.6,1.4,3.5,2,2.4,0.8,4.1,5.2,1.1,0.4,1.9,3.3,12,0.448,0.383,0.857,josepco01
521,Herbert Jones,Projected,4.4,9.2,1,2.8,2.2,2.6,1.5,4.8,2.7,2,0.9,1.6,3.6,12,0.482,0.346,0.839,joneshe01
524,Austin Reaves,Projected,4,8.6,1.4,4.3,2.6,3.1,1.2,5.2,2.9,0.8,0.5,1.1,2.2,12,0.467,0.329,0.836,reaveau01
520,Derrick Jones Jr.,Projected,4.4,8.6,1.1,3.2,2.1,2.8,2.2,6.4,1.5,1.1,1.3,1.1,3.7,12,0.516,0.327,0.753,jonesde02
528,Derrick Walton,Projected,4.2,10.6,1.5,4.7,1.9,2.4,1.1,5,4.9,1.5,0.8,2.4,2.9,11.9,0.399,0.324,0.818,waltode01
526,Torrey Craig,Projected,4.6,10.2,1.7,5.1,1,1.3,2,7.2,2.1,1.1,0.9,1.4,3.5,11.9,0.455,0.334,0.743,craigto01
525,Reggie Bullock,Projected,4.2,10,2.7,7.2,0.9,1.1,0.6,4.5,1.8,0.9,0.3,0.9,2.4,11.9,0.416,0.372,0.842,bullore01
527,Dorian Finney-Smith,Projected,4.4,9.4,2.3,5.8,0.8,1.2,1.8,5.5,2.1,1.1,0.5,1.1,2.6,11.9,0.469,0.391,0.704,finnedo01
530,Kent Bazemore,Projected,4.2,10.5,1.9,5.1,1.5,2.1,0.8,5.7,2.6,1.7,0.8,1.9,4.3,11.8,0.397,0.372,0.733,bazemke01
532,Brad Wanamaker,Projected,4,10.1,0.8,2.9,2.9,3.3,0.7,4.2,5.4,1.3,0.5,2.4,3.7,11.8,0.4,0.263,0.886,wanambr01
529,Ryan Arcidiacono,Projected,4.3,9.7,2,5.2,1.3,1.8,0.7,5.2,3.8,0.9,0.2,1.4,3.4,11.8,0.439,0.382,0.723,arcidry01
531,Larry Nance Jr.,Projected,4.7,9.3,1.1,3.2,1.4,2,2.2,8.3,3.1,1.6,0.6,1.5,2.7,11.8,0.501,0.344,0.688,nancela02
533,Keljin Blevins,Projected,4.2,11.8,2,6.5,1.2,1.7,1.6,5.3,2.5,1.3,0.3,1.9,3,11.6,0.357,0.307,0.68,blevike01
538,Justin Robinson,Projected,4.2,11.4,2,6.4,1.2,1.8,0.8,3.9,3.8,1.1,0.3,1.9,3.1,11.6,0.369,0.318,0.677,robinju01
536,James Johnson,Projected,4.7,10.3,0.9,3.4,1.2,2.1,1.4,6.3,3.7,1.1,1.1,1.7,4.6,11.6,0.455,0.28,0.582,johnsja01
537,KZ Okpala,Projected,4.4,10.1,1.4,4.2,1.4,1.9,1.6,6.1,2.3,0.8,0.9,1.2,3.8,11.6,0.439,0.323,0.711,okpalkz01
534,Freddie Gillespie,Projected,4.5,9.3,0.7,1.9,2,2.9,3.1,8.7,2,1.1,1.7,1.5,3.9,11.6,0.481,0.353,0.685,gillefr01
535,Javonte Green,Projected,4.3,8.2,0.9,2.6,2,2.5,2.1,6.4,1.6,1.6,0.7,1,3.2,11.6,0.526,0.35,0.806,greenja02
543,Kessler Edwards,Projected,4.4,10.2,1.8,5,0.9,1.1,1.6,6.5,1.5,1.1,0.9,1.6,3,11.5,0.433,0.364,0.82,edwarke02
540,Sterling Brown,Projected,4.2,10,2.1,5.8,1,1.2,1.3,7.6,2.2,1,0.4,1.4,3,11.5,0.42,0.366,0.836,brownst02
541,Troy Brown Jr.,Projected,4.4,10,1.6,4.5,1.2,1.5,1.4,7.2,2.6,1.2,0.3,1.2,2.4,11.5,0.44,0.355,0.774,browntr01
544,CJ Elleby,Projected,4.1,10,1.3,4.2,2,2.7,2,7,2.8,1.1,0.6,1.7,3.5,11.5,0.414,0.304,0.733,ellebcj01
545,Josh Green,Projected,4.6,9.2,1,2.9,1.3,1.8,1.9,6,2.8,1.5,0.5,1.5,3.6,11.5,0.505,0.348,0.698,greenjo02
539,Nicolas Batum,Projected,4.2,9.1,2.4,6,0.8,1.1,0.9,6.2,2.7,1.4,0.9,1.1,2.1,11.5,0.455,0.392,0.738,batumni01
542,Willie Cauley-Stein,Projected,4.8,8.7,0.4,1.2,1.6,2.5,2.4,8.8,2,1.1,1.4,1.4,4.3,11.5,0.551,0.321,0.654,caulewi01
550,Killian Tillie,Projected,4.1,10.8,2.1,6.3,1.1,1.4,1.6,5.2,2.2,1.6,1.1,1.2,4,11.4,0.38,0.327,0.748,tilliki02
546,Leandro Bolmaro,Projected,4.1,10.1,1.2,3.7,2.1,2.5,2.1,6.7,3.4,1,0.3,1.9,3.4,11.4,0.404,0.332,0.815,bolmale01
547,Usman Garuba,Projected,4.3,9.3,1.2,3.9,1.5,2,2.6,10.4,3.1,1.4,1.3,1.3,3.6,11.4,0.465,0.321,0.767,garubus01
548,George Hill,Projected,4.1,9.1,1.4,4.2,1.9,2.2,1.1,4.4,3.7,1.2,0.2,1.4,2.1,11.4,0.447,0.338,0.861,hillge01
551,Grant Williams,Projected,4,8.4,1.9,4.7,1.6,1.9,1.4,5.6,1.8,0.8,1,1.4,3.9,11.4,0.471,0.401,0.829,willigr01
549,Mason Plumlee,Projected,4.7,7.7,0.1,0.4,1.8,3.7,3.4,11.2,4.6,1.2,1.1,2.2,4.5,11.4,0.609,0.283,0.5,plumlma01
553,Miles McBride,Projected,4.1,11.2,1.7,6.1,1.3,1.8,0.8,5,4,1.3,0.3,0.9,3.8,11.3,0.367,0.287,0.735,mcbrimi01
552,Vit Krejci,Projected,4.1,9.5,1.7,5.1,1.3,1.6,1.1,5.7,3.2,1,0.5,1.6,3.2,11.3,0.433,0.343,0.834,krejcvi01
554,Isaac Okoro,Projected,4,8.6,1.1,3.2,2.1,2.8,1.3,3.8,2.3,1.1,0.4,1.2,2.9,11.3,0.469,0.339,0.763,okorois01
555,Robert Covington,Projected,3.9,9.4,2.3,6.2,1.1,1.4,1.1,7.3,1.8,1.8,1.5,1.4,3.4,11.2,0.414,0.368,0.817,covinro01
556,Charlie Brown Jr.,Projected,3.9,10.5,1.1,4,2.2,2.6,2,6.1,2.4,1.5,0.7,1.5,3.5,11.1,0.372,0.267,0.844,brownch02
559,Rajon Rondo,Projected,4.2,10.2,1.6,4.5,1.1,1.4,0.9,5.5,8.2,1.5,0.3,3.4,2.7,11.1,0.409,0.356,0.758,rondora01
557,Marcus Garrett,Projected,4.1,10,1.2,3.4,1.7,2.5,2,6.7,3,1.3,0.8,1.4,3.6,11.1,0.412,0.347,0.688,garrema01
558,Austin Rivers,Projected,4,9.5,2,5.8,1,1.4,0.5,3.3,2.6,1.2,0.2,1.4,2.9,11.1,0.422,0.348,0.726,riverau01
560,Danny Green,Projected,3.8,9.5,2.8,7.4,0.6,0.7,1,4.6,2,1.6,0.9,1.3,2.7,11,0.402,0.381,0.761,greenda02
564,Dylan Windler,Projected,3.9,9.1,1.8,5.4,1.5,1.9,1.6,7.1,2.8,1.2,0.5,1.7,3.2,11,0.422,0.325,0.8,windldy01
563,Dean Wade,Projected,4,8.9,2,5.6,1,1.3,1.2,6,2.2,1.1,0.4,0.8,2.9,11,0.453,0.365,0.726,wadede01
561,Stanley Johnson,Projected,3.9,8.8,1.3,4,1.8,2.4,1.1,5.4,2.9,1.5,0.5,1.5,3.7,11,0.445,0.327,0.743,johnsst04
562,Juan Toscano-Anderson,Projected,4.3,8.4,1.2,3.3,1.3,2.1,1,6.8,4.6,1.6,0.7,2.3,3.9,11,0.507,0.35,0.623,toscaju01
565,Josh Okogie,Projected,3.6,8.4,1,3.5,2.7,3.6,1.9,5.3,2.1,1.7,0.8,1.6,3.5,10.9,0.425,0.298,0.753,okogijo01
570,Garrett Temple,Projected,3.9,10,1.9,5.8,1.1,1.5,0.8,4.4,2.7,1.2,0.7,1.4,2.8,10.8,0.389,0.32,0.739,templga01
567,Avery Bradley,Projected,4.1,9.7,2,5.5,0.6,0.8,0.8,3.7,1.7,1.3,0.3,1.2,3.1,10.8,0.418,0.371,0.828,bradlav01
569,Romeo Langford,Projected,4.1,9.3,1.3,3.8,1.4,2.1,1.5,5.2,1.5,1,0.7,1,2.4,10.8,0.438,0.343,0.637,langfro01
566,DeAndre' Bembry,Projected,4.5,8.5,0.7,1.9,1.2,1.8,1.4,5.7,2.9,1.8,0.8,1.7,3.6,10.8,0.525,0.34,0.653,bembrde01
568,John Konchar,Projected,4.1,8.1,1.5,3.6,1.1,1.6,2.3,8.8,3.1,1.4,0.6,1,2.5,10.8,0.51,0.404,0.652,konchjo01
572,Maxi Kleber,Projected,3.7,8.8,2.1,6.1,1.2,1.6,1.6,7.9,1.8,0.7,1.3,1.1,3.2,10.7,0.415,0.351,0.769,klebima01
574,Delon Wright,Projected,3.9,8.6,1.2,3.2,1.7,2.1,1.3,5.6,5,2.1,0.5,1.4,1.6,10.7,0.457,0.372,0.816,wrighde01
571,Trent Forrest,Projected,4.1,8.4,0.5,2.1,2,2.4,1.2,5.1,4.9,1.3,0.4,2.2,2.2,10.7,0.486,0.256,0.821,forretr01
573,Jarred Vanderbilt,Projected,4.4,7.4,0.2,0.6,1.8,2.7,3.9,11.8,2.1,1.9,1,1.5,3.5,10.7,0.587,0.279,0.65,vandeja01
576,Chris Chiozza,Projected,3.8,10.4,1.8,5.5,1.1,1.4,1,4.4,6.4,1.3,0.3,2.7,3,10.6,0.369,0.334,0.77,chiozch01
577,Killian Hayes,Projected,4.1,10.3,1.1,3.8,1.3,1.7,0.8,4.7,6.3,1.7,0.7,2.6,3.7,10.6,0.399,0.287,0.785,hayeski01
581,Tomáš Satoranský,Projected,3.9,9,0.9,3,1.9,2.3,1.1,4.7,6.9,1.2,0.3,2.2,2.7,10.6,0.438,0.3,0.821,satorto01
578,Wes Iwundu,Projected,3.7,9,1,3.4,2.2,2.7,1.1,5.9,1.9,1,0.4,1.3,3.2,10.6,0.411,0.299,0.802,iwundwe01
580,Jordan McLaughlin,Projected,4,9,1.3,3.7,1.3,1.7,0.9,4.1,7,2.1,0.4,1.7,2.1,10.6,0.443,0.343,0.755,mclaujo01
575,Alex Caruso,Projected,3.7,8.8,1.4,4.1,1.8,2.4,1,4.8,4.8,2,0.5,1.9,3.2,10.6,0.418,0.355,0.745,carusal01
579,Cody Martin,Projected,4,8.5,1.1,3.1,1.5,2.1,1.7,5.9,3.5,1.6,0.6,1.3,2.3,10.6,0.473,0.36,0.69,martico01
582,Trevor Ariza,Projected,3.7,9.3,1.8,5.7,1.3,1.9,1,6.1,2.4,1.2,0.6,1.1,2.3,10.5,0.393,0.318,0.72,arizatr01
584,Miye Oni,Projected,3.7,9.2,1.9,5.8,1.1,1.5,1.5,6.2,2.7,0.8,0.6,1.4,3.8,10.5,0.405,0.332,0.752,onimi01
583,Facundo Campazzo,Projected,3.4,9,1.8,5.7,1.9,2.4,0.7,3.7,6.1,1.9,0.6,2,3.6,10.5,0.376,0.319,0.804,campafa01
587,Tim Frazier,Projected,3.8,10.2,1.2,3.9,1.6,2.4,1,4.6,5.7,0.9,0.4,2.5,4,10.4,0.371,0.321,0.668,fraziti01
586,Khem Birch,Projected,4,8.2,0.3,1.1,2.1,2.9,4,8.6,2.2,1.1,1,1.1,3.3,10.4,0.487,0.235,0.723,birchkh01
585,Steven Adams,Projected,4.2,7.5,0.1,0.3,1.9,3.5,5.5,12.7,3.9,1.2,1,2,2.7,10.4,0.559,0.321,0.536,adamsst01
589,Semi Ojeleye,Projected,3.4,9,1.8,5.2,1.5,1.9,1.6,6,1.5,0.7,0.3,1,2.5,10.2,0.383,0.348,0.785,ojelese01
588,Isaac Bonga,Projected,3.7,8.4,1.1,3.4,1.7,2.3,1.8,6,2.5,1.5,0.8,1.7,4.3,10.2,0.439,0.329,0.753,bongais01
590,Kevon Looney,Projected,4.2,7.7,0.2,0.5,1.5,2.4,4,11.5,3.5,1,1,1.4,4.3,10.1,0.554,0.303,0.627,looneke01
592,Rodney Hood,Projected,3.7,9.4,1.5,4.6,1.1,1.3,0.9,4.2,2.1,0.9,0.3,1,2.2,9.9,0.39,0.333,0.84,hoodro01
591,Taj Gibson,Projected,3.9,7.3,0.5,1.5,1.6,2.1,3.3,8.7,1.5,1,1.5,1.2,4.6,9.9,0.533,0.351,0.769,gibsota01
593,Gary Clark,Projected,3.4,8.8,2.2,6.2,0.9,1.2,2,7.3,2,1,0.7,1.1,2.2,9.8,0.381,0.352,0.761,clarkga01
594,Maurice Harkless,Projected,3.7,8.1,1.2,4,1.2,1.6,0.8,4.9,1.6,1.3,0.9,1.3,3.5,9.8,0.455,0.309,0.723,harklma01
595,Wesley Matthews,Projected,3.3,8.6,2,5.9,1.1,1.3,0.9,3.5,1.7,0.9,0.4,0.9,2.9,9.7,0.385,0.335,0.795,matthwe02
596,Tony Snell,Projected,3.4,7.8,2.1,5.1,0.5,0.6,0.7,4.2,1.9,0.7,0.4,0.9,2.8,9.5,0.442,0.405,0.888,snellto01
597,Draymond Green,Projected,3.6,7.5,0.6,2.2,1.6,2.2,1.1,8.4,8.8,1.7,1.1,3.5,3.6,9.3,0.476,0.29,0.712,greendr01
598,P.J. Tucker,Projected,3.3,7.2,1.4,3.6,0.8,1.1,1.7,6.5,2.4,1,0.4,1.2,3.1,8.7,0.45,0.379,0.744,tuckepj01
600,Solomon Hill,Projected,3,8,1.6,5,1,1.4,1.1,5.4,2.4,1.2,0.4,1.2,3,8.6,0.371,0.319,0.762,hillso01
601,Royce O'Neale,Projected,3.1,6.8,1.7,4.6,0.7,0.9,1.1,6.3,2.9,1.2,0.5,1.3,2.9,8.6,0.451,0.384,0.805,onealro01
599,Ed Davis,Projected,3.3,6.8,0.5,1.5,1.5,2.4,3.1,10.7,2.3,1,1.3,1.3,5.4,8.6,0.486,0.355,0.634,davised01
603,Matisse Thybulle,Projected,3.3,7,1.1,3.5,0.7,1,1,3.5,1.8,2.5,1.6,1,3.4,8.5,0.477,0.323,0.734,thybuma01
602,Nerlens Noel,Projected,3.4,5.9,0.2,0.6,1.5,2.1,3,9.1,1.5,1.7,2.6,1.6,4.2,8.5,0.575,0.302,0.727,noelne01
604,Jericho Sims,Projected,3.4,5.7,0.4,1.2,1.2,2.2,3.5,10.1,1.9,0.8,1.3,1.4,3.9,8.4,0.591,0.361,0.546,simsje01
605,Andre Iguodala,Projected,3,7.7,1.4,4.7,0.9,1.3,1.2,5.9,4.9,1.5,1.1,1.8,2.4,8.3,0.389,0.285,0.702,iguodan01